,TPM_10yrs,coo
baseline_retrofoot_v2.0_10yrs,[nan 0.0 3.0 ... 1.550387596899225 2.5774647887323945 1.79],"[[ 1.3253594   0.62282659]
 [ 1.42353417  0.62282659]
 [ 1.52170894  0.62282659]
 ...
 [ 2.35619449 -1.51975975]
 [ 3.92699082 -1.51975975]
 [ 5.49778714 -1.51975975]]"
baseline_v2.0_10yrs,"[nan nan 1.5714285714285714 ... 2.193548387096774 2.418181818181818
 1.9473684210526316]","[[ 1.3253594   0.62282659]
 [ 1.42353417  0.62282659]
 [ 1.52170894  0.62282659]
 ...
 [ 2.35619449 -1.51975975]
 [ 3.92699082 -1.51975975]
 [ 5.49778714 -1.51975975]]"
bluer_indx0_v2.0_10yrs,[nan 0.0 nan ... 1.3564356435643565 2.2542372881355934 1.6363636363636365],"[[ 1.3253594   0.62282659]
 [ 1.42353417  0.62282659]
 [ 1.52170894  0.62282659]
 ...
 [ 2.35619449 -1.51975975]
 [ 3.92699082 -1.51975975]
 [ 5.49778714 -1.51975975]]"
bluer_indx1_v2.0_10yrs,[nan 0.0 0.0 ... 1.9 2.588235294117647 1.2549019607843137],"[[ 1.3253594   0.62282659]
 [ 1.42353417  0.62282659]
 [ 1.52170894  0.62282659]
 ...
 [ 2.35619449 -1.51975975]
 [ 3.92699082 -1.51975975]
 [ 5.49778714 -1.51975975]]"
carina_v2.0_10yrs,[nan 0.0 nan ... 1.5051546391752577 3.526315789473684 1.8307692307692307],"[[ 1.42353417  0.62282659]
 [ 1.52170894  0.62282659]
 [ 1.61988371  0.62282659]
 ...
 [ 2.35619449 -1.51975975]
 [ 3.92699082 -1.51975975]
 [ 5.49778714 -1.51975975]]"
ddf_frac_ddf_per0.6_v2.0_10yrs,[0.0 nan nan ... 1.4851485148514851 1.711111111111111 1.2058823529411764],"[[ 1.3253594   0.62282659]
 [ 1.42353417  0.62282659]
 [ 1.52170894  0.62282659]
 ...
 [ 2.35619449 -1.51975975]
 [ 3.92699082 -1.51975975]
 [ 5.49778714 -1.51975975]]"
ddf_frac_ddf_per1.6_v2.0_10yrs,[0.0 4.75 0.0 ... 1.7532467532467533 1.5833333333333333 1.3095238095238095],"[[ 1.3253594   0.62282659]
 [ 1.42353417  0.62282659]
 [ 1.52170894  0.62282659]
 ...
 [ 2.35619449 -1.51975975]
 [ 3.92699082 -1.51975975]
 [ 5.49778714 -1.51975975]]"
local_gal_bindx0_v2.0_10yrs,"[nan 3.6666666666666665 7.0 ... 1.0681818181818181 2.537037037037037
 0.921875]","[[ 1.3253594   0.62282659]
 [ 1.42353417  0.62282659]
 [ 1.52170894  0.62282659]
 ...
 [ 2.35619449 -1.51975975]
 [ 3.92699082 -1.51975975]
 [ 5.49778714 -1.51975975]]"
local_gal_bindx1_v2.0_10yrs,[nan 0.0 nan ... 1.4725274725274726 1.8505747126436782 1.4880952380952381],"[[ 1.3253594   0.62282659]
 [ 1.42353417  0.62282659]
 [ 1.52170894  0.62282659]
 ...
 [ 2.35619449 -1.51975975]
 [ 3.92699082 -1.51975975]
 [ 5.49778714 -1.51975975]]"
local_gal_bindx2_v2.0_10yrs,[nan 4.5 4.25 ... 1.3113207547169812 1.896103896103896 1.5568181818181819],"[[ 1.3253594   0.62282659]
 [ 1.42353417  0.62282659]
 [ 1.52170894  0.62282659]
 ...
 [ 2.35619449 -1.51975975]
 [ 3.92699082 -1.51975975]
 [ 5.49778714 -1.51975975]]"
long_gaps_nightsoff0_delayed-1_v2.0_10yrs,[nan 0.0 0.0 ... 0.8951612903225806 1.5151515151515151 1.5795454545454546],"[[ 1.3253594   0.62282659]
 [ 1.42353417  0.62282659]
 [ 1.52170894  0.62282659]
 ...
 [ 2.35619449 -1.51975975]
 [ 3.92699082 -1.51975975]
 [ 5.49778714 -1.51975975]]"
long_gaps_nightsoff0_delayed1827_v2.0_10yrs,[nan nan 3.0 ... 1.224 2.323943661971831 1.2178217821782178],"[[ 1.3253594   0.62282659]
 [ 1.42353417  0.62282659]
 [ 1.52170894  0.62282659]
 ...
 [ 2.35619449 -1.51975975]
 [ 3.92699082 -1.51975975]
 [ 5.49778714 -1.51975975]]"
long_gaps_nightsoff1_delayed-1_v2.0_10yrs,[nan 0.0 5.0 ... 0.9928571428571429 1.7126436781609196 2.1666666666666665],"[[ 1.3253594   0.62282659]
 [ 1.42353417  0.62282659]
 [ 1.52170894  0.62282659]
 ...
 [ 2.35619449 -1.51975975]
 [ 3.92699082 -1.51975975]
 [ 5.49778714 -1.51975975]]"
long_gaps_nightsoff1_delayed1827_v2.0_10yrs,[nan 0.0 4.0 ... 1.630952380952381 1.7325581395348837 1.5657894736842106],"[[ 1.3253594   0.62282659]
 [ 1.42353417  0.62282659]
 [ 1.52170894  0.62282659]
 ...
 [ 2.35619449 -1.51975975]
 [ 3.92699082 -1.51975975]
 [ 5.49778714 -1.51975975]]"
long_gaps_nightsoff2_delayed-1_v2.0_10yrs,[nan 0.0 0.0 ... 1.5476190476190477 2.5964912280701755 1.3370786516853932],"[[ 1.3253594   0.62282659]
 [ 1.42353417  0.62282659]
 [ 1.52170894  0.62282659]
 ...
 [ 2.35619449 -1.51975975]
 [ 3.92699082 -1.51975975]
 [ 5.49778714 -1.51975975]]"
long_gaps_nightsoff2_delayed1827_v2.0_10yrs,[nan nan 2.75 ... 1.8051948051948052 1.7710843373493976 1.5263157894736843],"[[ 1.3253594   0.62282659]
 [ 1.42353417  0.62282659]
 [ 1.52170894  0.62282659]
 ...
 [ 2.35619449 -1.51975975]
 [ 3.92699082 -1.51975975]
 [ 5.49778714 -1.51975975]]"
long_gaps_nightsoff3_delayed-1_v2.0_10yrs,[nan 2.0 nan ... 1.5555555555555556 2.84 1.3734939759036144],"[[ 1.3253594   0.62282659]
 [ 1.42353417  0.62282659]
 [ 1.52170894  0.62282659]
 ...
 [ 2.35619449 -1.51975975]
 [ 3.92699082 -1.51975975]
 [ 5.49778714 -1.51975975]]"
long_gaps_nightsoff3_delayed1827_v2.0_10yrs,[nan nan 2.8 ... 1.1612903225806452 1.8354430379746836 1.4078947368421053],"[[ 1.3253594   0.62282659]
 [ 1.42353417  0.62282659]
 [ 1.52170894  0.62282659]
 ...
 [ 2.35619449 -1.51975975]
 [ 3.92699082 -1.51975975]
 [ 5.49778714 -1.51975975]]"
long_gaps_nightsoff4_delayed-1_v2.0_10yrs,[nan 0.0 0.0 ... 1.3953488372093024 1.8372093023255813 1.647887323943662],"[[ 1.3253594   0.62282659]
 [ 1.42353417  0.62282659]
 [ 1.52170894  0.62282659]
 ...
 [ 2.35619449 -1.51975975]
 [ 3.92699082 -1.51975975]
 [ 5.49778714 -1.51975975]]"
long_gaps_nightsoff4_delayed1827_v2.0_10yrs,[nan nan 2.4 ... 2.3870967741935485 2.1267605633802815 1.4805194805194806],"[[ 1.3253594   0.62282659]
 [ 1.42353417  0.62282659]
 [ 1.52170894  0.62282659]
 ...
 [ 2.35619449 -1.51975975]
 [ 3.92699082 -1.51975975]
 [ 5.49778714 -1.51975975]]"
long_gaps_nightsoff5_delayed-1_v2.0_10yrs,"[nan 4.333333333333333 nan ... 2.5357142857142856 2.784313725490196
 2.3333333333333335]","[[ 1.3253594   0.62282659]
 [ 1.42353417  0.62282659]
 [ 1.52170894  0.62282659]
 ...
 [ 2.35619449 -1.51975975]
 [ 3.92699082 -1.51975975]
 [ 5.49778714 -1.51975975]]"
long_gaps_nightsoff5_delayed1827_v2.0_10yrs,[nan nan 2.5 ... 1.9863013698630136 1.8555555555555556 1.3214285714285714],"[[ 1.3253594   0.62282659]
 [ 1.42353417  0.62282659]
 [ 1.52170894  0.62282659]
 ...
 [ 2.35619449 -1.51975975]
 [ 3.92699082 -1.51975975]
 [ 5.49778714 -1.51975975]]"
long_gaps_nightsoff6_delayed-1_v2.0_10yrs,[nan nan 0.0 ... 2.3518518518518516 2.64 2.608695652173913],"[[ 1.3253594   0.62282659]
 [ 1.42353417  0.62282659]
 [ 1.52170894  0.62282659]
 ...
 [ 2.35619449 -1.51975975]
 [ 3.92699082 -1.51975975]
 [ 5.49778714 -1.51975975]]"
long_gaps_nightsoff6_delayed1827_v2.0_10yrs,[nan 0.0 2.0 ... 1.3428571428571427 2.78 1.2619047619047619],"[[ 1.3253594   0.62282659]
 [ 1.42353417  0.62282659]
 [ 1.52170894  0.62282659]
 ...
 [ 2.35619449 -1.51975975]
 [ 3.92699082 -1.51975975]
 [ 5.49778714 -1.51975975]]"
long_gaps_nightsoff7_delayed-1_v2.0_10yrs,[0.0 0.0 0.0 ... 1.3522727272727273 1.8444444444444446 3.5625],"[[ 1.3253594   0.62282659]
 [ 1.42353417  0.62282659]
 [ 1.52170894  0.62282659]
 ...
 [ 2.35619449 -1.51975975]
 [ 3.92699082 -1.51975975]
 [ 5.49778714 -1.51975975]]"
long_gaps_nightsoff7_delayed1827_v2.0_10yrs,[nan nan 0.0 ... 1.8 2.9375 1.7575757575757576],"[[ 1.3253594   0.62282659]
 [ 1.42353417  0.62282659]
 [ 1.52170894  0.62282659]
 ...
 [ 2.35619449 -1.51975975]
 [ 3.92699082 -1.51975975]
 [ 5.49778714 -1.51975975]]"
long_gaps_np_nightsoff0_delayed-1_v2.0_10yrs,[nan nan 0.0 ... 1.8795180722891567 2.08 1.7195121951219512],"[[ 1.3253594   0.62282659]
 [ 1.42353417  0.62282659]
 [ 1.52170894  0.62282659]
 ...
 [ 2.35619449 -1.51975975]
 [ 3.92699082 -1.51975975]
 [ 5.49778714 -1.51975975]]"
long_u1_v2.0_10yrs,[nan nan 0.0 ... 1.8055555555555556 1.873015873015873 2.2745098039215685],"[[ 1.3253594   0.62282659]
 [ 1.42353417  0.62282659]
 [ 1.52170894  0.62282659]
 ...
 [ 2.35619449 -1.51975975]
 [ 3.92699082 -1.51975975]
 [ 5.49778714 -1.51975975]]"
long_gaps_np_nightsoff0_delayed1827_v2.0_10yrs,[0.0 0.0 3.6666666666666665 ... 2.2950819672131146 3.22 1.8309859154929577],"[[ 1.3253594   0.62282659]
 [ 1.42353417  0.62282659]
 [ 1.52170894  0.62282659]
 ...
 [ 2.35619449 -1.51975975]
 [ 3.92699082 -1.51975975]
 [ 5.49778714 -1.51975975]]"
long_gaps_np_nightsoff1_delayed-1_v2.0_10yrs,[2.5 0.0 6.25 ... 1.0153846153846153 2.8 2.5098039215686274],"[[ 1.42353417  0.62282659]
 [ 1.52170894  0.62282659]
 [ 1.61988371  0.62282659]
 ...
 [ 2.35619449 -1.51975975]
 [ 3.92699082 -1.51975975]
 [ 5.49778714 -1.51975975]]"
long_gaps_np_nightsoff1_delayed1827_v2.0_10yrs,[nan 0.0 2.3333333333333335 ... 1.5888888888888888 3.9722222222222223 2.14],"[[ 1.3253594   0.62282659]
 [ 1.42353417  0.62282659]
 [ 1.52170894  0.62282659]
 ...
 [ 2.35619449 -1.51975975]
 [ 3.92699082 -1.51975975]
 [ 5.49778714 -1.51975975]]"
long_gaps_np_nightsoff2_delayed-1_v2.0_10yrs,[nan 0.0 0.0 ... 1.2702702702702702 1.9156626506024097 1.3373493975903614],"[[ 1.3253594   0.62282659]
 [ 1.42353417  0.62282659]
 [ 1.52170894  0.62282659]
 ...
 [ 2.35619449 -1.51975975]
 [ 3.92699082 -1.51975975]
 [ 5.49778714 -1.51975975]]"
long_gaps_np_nightsoff2_delayed1827_v2.0_10yrs,"[nan 0.0 4.666666666666667 ... 1.3423423423423424 1.8433734939759037
 1.9454545454545455]","[[ 1.3253594   0.62282659]
 [ 1.42353417  0.62282659]
 [ 1.52170894  0.62282659]
 ...
 [ 2.35619449 -1.51975975]
 [ 3.92699082 -1.51975975]
 [ 5.49778714 -1.51975975]]"
long_gaps_np_nightsoff3_delayed-1_v2.0_10yrs,"[nan 0.0 5.333333333333333 ... 1.705128205128205 2.403225806451613
 1.7903225806451613]","[[ 1.3253594   0.62282659]
 [ 1.42353417  0.62282659]
 [ 1.52170894  0.62282659]
 ...
 [ 2.35619449 -1.51975975]
 [ 3.92699082 -1.51975975]
 [ 5.49778714 -1.51975975]]"
long_gaps_np_nightsoff3_delayed1827_v2.0_10yrs,[nan 0.0 2.75 ... 1.9113924050632911 2.3230769230769233 1.2758620689655173],"[[ 1.3253594   0.62282659]
 [ 1.42353417  0.62282659]
 [ 1.52170894  0.62282659]
 ...
 [ 2.35619449 -1.51975975]
 [ 3.92699082 -1.51975975]
 [ 5.49778714 -1.51975975]]"
long_gaps_np_nightsoff4_delayed-1_v2.0_10yrs,"[nan 4.666666666666667 3.6666666666666665 ... 1.5977011494252873
 2.050632911392405 2.1818181818181817]","[[ 1.3253594   0.62282659]
 [ 1.42353417  0.62282659]
 [ 1.52170894  0.62282659]
 ...
 [ 2.35619449 -1.51975975]
 [ 3.92699082 -1.51975975]
 [ 5.49778714 -1.51975975]]"
long_gaps_np_nightsoff4_delayed1827_v2.0_10yrs,[0.0 0.0 2.75 ... 1.386138613861386 2.5272727272727273 1.8727272727272728],"[[ 1.3253594   0.62282659]
 [ 1.42353417  0.62282659]
 [ 1.52170894  0.62282659]
 ...
 [ 2.35619449 -1.51975975]
 [ 3.92699082 -1.51975975]
 [ 5.49778714 -1.51975975]]"
long_gaps_np_nightsoff5_delayed-1_v2.0_10yrs,"[nan 0.0 4.666666666666667 ... 1.1271186440677967 2.8545454545454545
 1.6029411764705883]","[[ 1.3253594   0.62282659]
 [ 1.42353417  0.62282659]
 [ 1.52170894  0.62282659]
 ...
 [ 2.35619449 -1.51975975]
 [ 3.92699082 -1.51975975]
 [ 5.49778714 -1.51975975]]"
long_gaps_np_nightsoff5_delayed1827_v2.0_10yrs,[nan nan 0.0 ... 1.9583333333333333 2.2083333333333335 1.2043010752688172],"[[ 1.3253594   0.62282659]
 [ 1.42353417  0.62282659]
 [ 1.52170894  0.62282659]
 ...
 [ 2.35619449 -1.51975975]
 [ 3.92699082 -1.51975975]
 [ 5.49778714 -1.51975975]]"
long_gaps_np_nightsoff6_delayed-1_v2.0_10yrs,[nan 0.0 3.5 ... 1.3555555555555556 2.0 2.6744186046511627],"[[ 1.3253594   0.62282659]
 [ 1.42353417  0.62282659]
 [ 1.52170894  0.62282659]
 ...
 [ 2.35619449 -1.51975975]
 [ 3.92699082 -1.51975975]
 [ 5.49778714 -1.51975975]]"
long_gaps_np_nightsoff6_delayed1827_v2.0_10yrs,[nan nan 2.0 ... 1.5051546391752577 2.0555555555555554 1.10989010989011],"[[ 1.3253594   0.62282659]
 [ 1.42353417  0.62282659]
 [ 1.52170894  0.62282659]
 ...
 [ 2.35619449 -1.51975975]
 [ 3.92699082 -1.51975975]
 [ 5.49778714 -1.51975975]]"
long_gaps_np_nightsoff7_delayed-1_v2.0_10yrs,[0.0 8.0 nan ... 2.056338028169014 3.5348837209302326 2.090909090909091],"[[ 1.3253594   0.62282659]
 [ 1.42353417  0.62282659]
 [ 1.52170894  0.62282659]
 ...
 [ 2.35619449 -1.51975975]
 [ 3.92699082 -1.51975975]
 [ 5.49778714 -1.51975975]]"
long_gaps_np_nightsoff7_delayed1827_v2.0_10yrs,[nan 0.0 3.8 ... 1.8481012658227849 2.4915254237288136 1.6388888888888888],"[[ 1.3253594   0.62282659]
 [ 1.42353417  0.62282659]
 [ 1.52170894  0.62282659]
 ...
 [ 2.35619449 -1.51975975]
 [ 3.92699082 -1.51975975]
 [ 5.49778714 -1.51975975]]"
long_u2_v2.0_10yrs,[nan 0.0 nan ... 1.1101694915254237 2.4363636363636365 1.3055555555555556],"[[ 1.3253594   0.62282659]
 [ 1.42353417  0.62282659]
 [ 1.52170894  0.62282659]
 ...
 [ 2.35619449 -1.51975975]
 [ 3.92699082 -1.51975975]
 [ 5.49778714 -1.51975975]]"
multi_short_v2.0_10yrs,[nan nan 0.0 ... 5.888888888888889 5.609756097560975 6.433333333333334],"[[ 1.3253594   0.62282659]
 [ 1.42353417  0.62282659]
 [ 1.52170894  0.62282659]
 ...
 [ 2.35619449 -1.51975975]
 [ 3.92699082 -1.51975975]
 [ 5.49778714 -1.51975975]]"
noroll_v2.0_10yrs,[nan 0.0 4.25 ... 1.829268292682927 3.0638297872340425 1.0727272727272728],"[[ 1.3253594   0.62282659]
 [ 1.42353417  0.62282659]
 [ 1.52170894  0.62282659]
 ...
 [ 2.35619449 -1.51975975]
 [ 3.92699082 -1.51975975]
 [ 5.49778714 -1.51975975]]"
north_stripe_v2.0_10yrs,[nan nan nan ... 1.117117117117117 2.8 2.8947368421052633],"[[ 1.3253594   0.62282659]
 [ 1.42353417  0.62282659]
 [ 1.52170894  0.62282659]
 ...
 [ 2.35619449 -1.51975975]
 [ 3.92699082 -1.51975975]
 [ 5.49778714 -1.51975975]]"
presto_gap1.5_mix_v2.0_10yrs,"[nan 5.333333333333333 3.3333333333333335 ... 2.3230769230769233
 3.717391304347826 3.6944444444444446]","[[ 1.3253594   0.62282659]
 [ 1.42353417  0.62282659]
 [ 1.52170894  0.62282659]
 ...
 [ 2.35619449 -1.51975975]
 [ 3.92699082 -1.51975975]
 [ 5.49778714 -1.51975975]]"
presto_gap1.5_v2.0_10yrs,[nan nan 0.0 ... 3.235294117647059 2.7 1.9014084507042253],"[[ 1.3253594   0.62282659]
 [ 1.42353417  0.62282659]
 [ 1.52170894  0.62282659]
 ...
 [ 2.35619449 -1.51975975]
 [ 3.92699082 -1.51975975]
 [ 5.49778714 -1.51975975]]"
presto_gap2.0_mix_v2.0_10yrs,[nan nan nan ... 3.186046511627907 3.590909090909091 6.363636363636363],"[[ 1.3253594   0.62282659]
 [ 1.42353417  0.62282659]
 [ 1.52170894  0.62282659]
 ...
 [ 2.35619449 -1.51975975]
 [ 3.92699082 -1.51975975]
 [ 5.49778714 -1.51975975]]"
presto_gap2.0_v2.0_10yrs,[nan 0.0 nan ... 1.5670103092783505 4.457142857142857 2.891304347826087],"[[ 1.3253594   0.62282659]
 [ 1.42353417  0.62282659]
 [ 1.52170894  0.62282659]
 ...
 [ 2.35619449 -1.51975975]
 [ 3.92699082 -1.51975975]
 [ 5.49778714 -1.51975975]]"
presto_gap2.5_mix_v2.0_10yrs,[nan 0.0 4.5 ... 1.894736842105263 2.9814814814814814 5.333333333333333],"[[ 1.3253594   0.62282659]
 [ 1.42353417  0.62282659]
 [ 1.52170894  0.62282659]
 ...
 [ 2.35619449 -1.51975975]
 [ 3.92699082 -1.51975975]
 [ 5.49778714 -1.51975975]]"
presto_gap2.5_v2.0_10yrs,[nan 0.0 0.0 ... 2.111111111111111 2.088607594936709 3.4166666666666665],"[[ 1.3253594   0.62282659]
 [ 1.42353417  0.62282659]
 [ 1.52170894  0.62282659]
 ...
 [ 2.35619449 -1.51975975]
 [ 3.92699082 -1.51975975]
 [ 5.49778714 -1.51975975]]"
presto_gap3.0_mix_v2.0_10yrs,[nan 3.75 4.5 ... 1.9577464788732395 2.2839506172839505 9.666666666666666],"[[ 1.3253594   0.62282659]
 [ 1.42353417  0.62282659]
 [ 1.52170894  0.62282659]
 ...
 [ 2.35619449 -1.51975975]
 [ 3.92699082 -1.51975975]
 [ 5.49778714 -1.51975975]]"
presto_gap3.0_v2.0_10yrs,[nan 0.0 3.25 ... 1.4404761904761905 1.2573529411764706 2.1044776119402986],"[[ 1.3253594   0.62282659]
 [ 1.42353417  0.62282659]
 [ 1.52170894  0.62282659]
 ...
 [ 2.35619449 -1.51975975]
 [ 3.92699082 -1.51975975]
 [ 5.49778714 -1.51975975]]"
presto_gap3.5_mix_v2.0_10yrs,[nan nan 0.0 ... 2.0806451612903225 2.388235294117647 7.333333333333333],"[[ 1.3253594   0.62282659]
 [ 1.42353417  0.62282659]
 [ 1.52170894  0.62282659]
 ...
 [ 2.35619449 -1.51975975]
 [ 3.92699082 -1.51975975]
 [ 5.49778714 -1.51975975]]"
presto_gap3.5_v2.0_10yrs,[nan nan 0.0 ... 1.8059701492537314 1.9111111111111112 1.875],"[[ 1.3253594   0.62282659]
 [ 1.42353417  0.62282659]
 [ 1.52170894  0.62282659]
 ...
 [ 2.35619449 -1.51975975]
 [ 3.92699082 -1.51975975]
 [ 5.49778714 -1.51975975]]"
presto_gap4.0_mix_v2.0_10yrs,[nan 0.0 nan ... 2.3703703703703702 4.046511627906977 5.44],"[[ 1.3253594   0.62282659]
 [ 1.42353417  0.62282659]
 [ 1.52170894  0.62282659]
 ...
 [ 2.35619449 -1.51975975]
 [ 3.92699082 -1.51975975]
 [ 5.49778714 -1.51975975]]"
presto_gap4.0_v2.0_10yrs,[nan nan 0.0 ... 2.690909090909091 3.210526315789474 3.054054054054054],"[[ 1.3253594   0.62282659]
 [ 1.42353417  0.62282659]
 [ 1.52170894  0.62282659]
 ...
 [ 2.35619449 -1.51975975]
 [ 3.92699082 -1.51975975]
 [ 5.49778714 -1.51975975]]"
presto_half_gap1.5_mix_v2.0_10yrs,[0.0 4.25 0.0 ... 1.7586206896551724 2.9272727272727272 1.95],"[[ 1.3253594   0.62282659]
 [ 1.42353417  0.62282659]
 [ 1.52170894  0.62282659]
 ...
 [ 2.35619449 -1.51975975]
 [ 3.92699082 -1.51975975]
 [ 5.49778714 -1.51975975]]"
presto_half_gap1.5_v2.0_10yrs,[nan 3.0 0.0 ... 1.6818181818181819 2.0 1.8909090909090909],"[[ 1.3253594   0.62282659]
 [ 1.42353417  0.62282659]
 [ 1.52170894  0.62282659]
 ...
 [ 2.35619449 -1.51975975]
 [ 3.92699082 -1.51975975]
 [ 5.49778714 -1.51975975]]"
presto_half_gap2.0_mix_v2.0_10yrs,[nan nan 0.0 ... 1.5128205128205128 3.391304347826087 2.511111111111111],"[[ 1.3253594   0.62282659]
 [ 1.42353417  0.62282659]
 [ 1.52170894  0.62282659]
 ...
 [ 2.35619449 -1.51975975]
 [ 3.92699082 -1.51975975]
 [ 5.49778714 -1.51975975]]"
presto_half_gap2.0_v2.0_10yrs,[nan 0.0 nan ... 1.1282051282051282 2.909090909090909 1.9649122807017543],"[[ 1.3253594   0.62282659]
 [ 1.42353417  0.62282659]
 [ 1.52170894  0.62282659]
 ...
 [ 2.35619449 -1.51975975]
 [ 3.92699082 -1.51975975]
 [ 5.49778714 -1.51975975]]"
presto_half_gap2.5_mix_v2.0_10yrs,[nan nan 3.0 ... 1.4819277108433735 2.7818181818181817 2.1875],"[[ 1.3253594   0.62282659]
 [ 1.42353417  0.62282659]
 [ 1.52170894  0.62282659]
 ...
 [ 2.35619449 -1.51975975]
 [ 3.92699082 -1.51975975]
 [ 5.49778714 -1.51975975]]"
presto_half_gap2.5_v2.0_10yrs,[nan nan 0.0 ... 1.5555555555555556 3.3555555555555556 2.5686274509803924],"[[ 1.3253594   0.62282659]
 [ 1.42353417  0.62282659]
 [ 1.52170894  0.62282659]
 ...
 [ 2.35619449 -1.51975975]
 [ 3.92699082 -1.51975975]
 [ 5.49778714 -1.51975975]]"
presto_half_gap3.0_mix_v2.0_10yrs,[nan nan 0.0 ... 1.1801801801801801 2.9019607843137254 1.4473684210526316],"[[ 1.3253594   0.62282659]
 [ 1.42353417  0.62282659]
 [ 1.52170894  0.62282659]
 ...
 [ 2.35619449 -1.51975975]
 [ 3.92699082 -1.51975975]
 [ 5.49778714 -1.51975975]]"
presto_half_gap3.0_v2.0_10yrs,[0.0 4.0 5.333333333333333 ... 1.3396226415094339 2.8421052631578947 2.5],"[[ 1.3253594   0.62282659]
 [ 1.42353417  0.62282659]
 [ 1.52170894  0.62282659]
 ...
 [ 2.35619449 -1.51975975]
 [ 3.92699082 -1.51975975]
 [ 5.49778714 -1.51975975]]"
presto_half_gap3.5_mix_v2.0_10yrs,"[nan 0.0 4.666666666666667 ... 1.2871287128712872 3.347826086956522
 1.5903614457831325]","[[ 1.3253594   0.62282659]
 [ 1.42353417  0.62282659]
 [ 1.52170894  0.62282659]
 ...
 [ 2.35619449 -1.51975975]
 [ 3.92699082 -1.51975975]
 [ 5.49778714 -1.51975975]]"
presto_half_gap3.5_v2.0_10yrs,[nan 0.0 0.0 ... 1.3173076923076923 2.642857142857143 2.3333333333333335],"[[ 1.3253594   0.62282659]
 [ 1.42353417  0.62282659]
 [ 1.52170894  0.62282659]
 ...
 [ 2.35619449 -1.51975975]
 [ 3.92699082 -1.51975975]
 [ 5.49778714 -1.51975975]]"
presto_half_gap4.0_mix_v2.0_10yrs,[nan 0.0 4.0 ... 1.4318181818181819 2.1884057971014492 2.7],"[[ 1.3253594   0.62282659]
 [ 1.42353417  0.62282659]
 [ 1.52170894  0.62282659]
 ...
 [ 2.35619449 -1.51975975]
 [ 3.92699082 -1.51975975]
 [ 5.49778714 -1.51975975]]"
presto_half_gap4.0_v2.0_10yrs,[nan nan 2.4 ... 2.1785714285714284 3.311111111111111 5.1],"[[ 1.3253594   0.62282659]
 [ 1.42353417  0.62282659]
 [ 1.52170894  0.62282659]
 ...
 [ 2.35619449 -1.51975975]
 [ 3.92699082 -1.51975975]
 [ 5.49778714 -1.51975975]]"
retro_baseline_v2.0_10yrs,"[3.3333333333333335 nan 5.75 ... 2.6666666666666665 2.090909090909091
 2.3707865168539324]","[[ 1.42353417  0.62282659]
 [ 1.52170894  0.62282659]
 [ 1.61988371  0.62282659]
 ...
 [ 2.35619449 -1.51975975]
 [ 3.92699082 -1.51975975]
 [ 5.49778714 -1.51975975]]"
roll_early_v2.0_10yrs,"[nan 4.333333333333333 5.0 ... 1.386138613861386 2.1527777777777777
 1.2470588235294118]","[[ 1.3253594   0.62282659]
 [ 1.42353417  0.62282659]
 [ 1.52170894  0.62282659]
 ...
 [ 2.35619449 -1.51975975]
 [ 3.92699082 -1.51975975]
 [ 5.49778714 -1.51975975]]"
rolling_all_sky_ns2_rw0.9_v2.0_10yrs,[nan nan 0.0 ... 1.6813186813186813 2.377049180327869 1.0754716981132075],"[[ 1.3253594   0.62282659]
 [ 1.42353417  0.62282659]
 [ 1.52170894  0.62282659]
 ...
 [ 2.35619449 -1.51975975]
 [ 3.92699082 -1.51975975]
 [ 5.49778714 -1.51975975]]"
rolling_bulge_6_v2.0_10yrs,"[nan 4.0 3.6666666666666665 ... 1.4623655913978495 1.957142857142857
 1.1047619047619048]","[[ 1.3253594   0.62282659]
 [ 1.42353417  0.62282659]
 [ 1.52170894  0.62282659]
 ...
 [ 2.35619449 -1.51975975]
 [ 3.92699082 -1.51975975]
 [ 5.49778714 -1.51975975]]"
rolling_bulge_ns2_rw0.5_v2.0_10yrs,[nan 3.6666666666666665 2.0 ... 2.7254901960784315 2.2459016393442623 1.95],"[[ 1.3253594   0.62282659]
 [ 1.42353417  0.62282659]
 [ 1.52170894  0.62282659]
 ...
 [ 2.35619449 -1.51975975]
 [ 3.92699082 -1.51975975]
 [ 5.49778714 -1.51975975]]"
rolling_bulge_ns2_rw0.8_v2.0_10yrs,[nan 0.0 0.0 ... 1.5934065934065933 2.417910447761194 1.3103448275862069],"[[ 1.3253594   0.62282659]
 [ 1.42353417  0.62282659]
 [ 1.52170894  0.62282659]
 ...
 [ 2.35619449 -1.51975975]
 [ 3.92699082 -1.51975975]
 [ 5.49778714 -1.51975975]]"
rolling_bulge_ns2_rw0.9_v2.0_10yrs,[nan 0.0 4.75 ... 1.620253164556962 2.1666666666666665 1.3855421686746987],"[[ 1.3253594   0.62282659]
 [ 1.42353417  0.62282659]
 [ 1.52170894  0.62282659]
 ...
 [ 2.35619449 -1.51975975]
 [ 3.92699082 -1.51975975]
 [ 5.49778714 -1.51975975]]"
rolling_ns2_rw0.5_v2.0_10yrs,[nan 0.0 4.5 ... 2.4545454545454546 2.843137254901961 2.3461538461538463],"[[ 1.3253594   0.62282659]
 [ 1.42353417  0.62282659]
 [ 1.52170894  0.62282659]
 ...
 [ 2.35619449 -1.51975975]
 [ 3.92699082 -1.51975975]
 [ 5.49778714 -1.51975975]]"
rolling_ns2_rw0.9_v2.0_10yrs,"[nan nan 1.5714285714285714 ... 2.193548387096774 2.418181818181818
 1.9473684210526316]","[[ 1.3253594   0.62282659]
 [ 1.42353417  0.62282659]
 [ 1.52170894  0.62282659]
 ...
 [ 2.35619449 -1.51975975]
 [ 3.92699082 -1.51975975]
 [ 5.49778714 -1.51975975]]"
rolling_ns3_rw0.5_v2.0_10yrs,[nan 0.0 4.5 ... 1.92 2.3559322033898304 1.1531531531531531],"[[ 1.3253594   0.62282659]
 [ 1.42353417  0.62282659]
 [ 1.52170894  0.62282659]
 ...
 [ 2.35619449 -1.51975975]
 [ 3.92699082 -1.51975975]
 [ 5.49778714 -1.51975975]]"
rolling_ns3_rw0.9_v2.0_10yrs,[nan 0.0 nan ... 1.5274725274725274 2.6 2.16],"[[ 1.3253594   0.62282659]
 [ 1.42353417  0.62282659]
 [ 1.52170894  0.62282659]
 ...
 [ 2.35619449 -1.51975975]
 [ 3.92699082 -1.51975975]
 [ 5.49778714 -1.51975975]]"
roman_v2.0_10yrs,[nan nan 0.0 ... 1.646341463414634 2.6363636363636362 1.2380952380952381],"[[ 1.3253594   0.62282659]
 [ 1.42353417  0.62282659]
 [ 1.52170894  0.62282659]
 ...
 [ 2.35619449 -1.51975975]
 [ 3.92699082 -1.51975975]
 [ 5.49778714 -1.51975975]]"
short_exp_v2.0_10yrs,[nan nan 0.0 ... 1.8611111111111112 1.6781609195402298 1.1777777777777778],"[[ 1.3253594   0.62282659]
 [ 1.42353417  0.62282659]
 [ 1.52170894  0.62282659]
 ...
 [ 2.35619449 -1.51975975]
 [ 3.92699082 -1.51975975]
 [ 5.49778714 -1.51975975]]"
six_rolling_ns6_rw0.5_v2.0_10yrs,"[nan 0.0 6.333333333333333 ... 1.5274725274725274 2.8636363636363638
 1.309278350515464]","[[ 1.3253594   0.62282659]
 [ 1.42353417  0.62282659]
 [ 1.52170894  0.62282659]
 ...
 [ 2.35619449 -1.51975975]
 [ 3.92699082 -1.51975975]
 [ 5.49778714 -1.51975975]]"
six_rolling_ns6_rw0.9_v2.0_10yrs,[0.0 3.5 0.0 ... 1.4421052631578948 1.4444444444444444 1.0],"[[ 1.3253594   0.62282659]
 [ 1.42353417  0.62282659]
 [ 1.52170894  0.62282659]
 ...
 [ 2.35619449 -1.51975975]
 [ 3.92699082 -1.51975975]
 [ 5.49778714 -1.51975975]]"
smc_movie_v2.0_10yrs,"[0.0 7.333333333333333 1.75 ... 1.1842105263157894 2.43859649122807
 1.382716049382716]","[[ 1.3253594   0.62282659]
 [ 1.42353417  0.62282659]
 [ 1.52170894  0.62282659]
 ...
 [ 2.35619449 -1.51975975]
 [ 3.92699082 -1.51975975]
 [ 5.49778714 -1.51975975]]"
too_rate10_v2.0_10yrs,[nan 0.0 nan ... 2.9302325581395348 2.978723404255319 2.5217391304347827],"[[ 1.3253594   0.62282659]
 [ 1.42353417  0.62282659]
 [ 1.52170894  0.62282659]
 ...
 [ 2.35619449 -1.51975975]
 [ 3.92699082 -1.51975975]
 [ 5.49778714 -1.51975975]]"
too_rate50_v2.0_10yrs,[nan nan 3.25 ... 1.7721518987341771 1.3109243697478992 1.6395348837209303],"[[ 1.3253594   0.62282659]
 [ 1.42353417  0.62282659]
 [ 1.52170894  0.62282659]
 ...
 [ 2.35619449 -1.51975975]
 [ 3.92699082 -1.51975975]
 [ 5.49778714 -1.51975975]]"
twilight_neo_nightpattern1v2.0_10yrs,[4.25 nan 0.0 ... 1.6911764705882353 1.644736842105263 1.275],"[[ 1.42353417  0.62282659]
 [ 1.52170894  0.62282659]
 [ 1.61988371  0.62282659]
 ...
 [ 2.35619449 -1.51975975]
 [ 3.92699082 -1.51975975]
 [ 5.49778714 -1.51975975]]"
twilight_neo_nightpattern2v2.0_10yrs,[nan 0.0 0.0 ... 1.2079207920792079 2.014925373134328 1.71875],"[[ 1.3253594   0.62282659]
 [ 1.42353417  0.62282659]
 [ 1.52170894  0.62282659]
 ...
 [ 2.35619449 -1.51975975]
 [ 3.92699082 -1.51975975]
 [ 5.49778714 -1.51975975]]"
twilight_neo_nightpattern3v2.0_10yrs,[nan 0.0 4.0 ... 1.7702702702702702 1.15 2.3555555555555556],"[[ 1.3253594   0.62282659]
 [ 1.42353417  0.62282659]
 [ 1.52170894  0.62282659]
 ...
 [ 2.35619449 -1.51975975]
 [ 3.92699082 -1.51975975]
 [ 5.49778714 -1.51975975]]"
twilight_neo_nightpattern4v2.0_10yrs,"[nan 3.6666666666666665 0.0 ... 1.1203007518796992 2.0422535211267605
 2.0714285714285716]","[[ 1.3253594   0.62282659]
 [ 1.42353417  0.62282659]
 [ 1.52170894  0.62282659]
 ...
 [ 2.35619449 -1.51975975]
 [ 3.92699082 -1.51975975]
 [ 5.49778714 -1.51975975]]"
twilight_neo_nightpattern5v2.0_10yrs,"[nan 4.333333333333333 0.0 ... 1.7093023255813953 2.764705882352941
 1.3846153846153846]","[[ 1.3253594   0.62282659]
 [ 1.42353417  0.62282659]
 [ 1.52170894  0.62282659]
 ...
 [ 2.35619449 -1.51975975]
 [ 3.92699082 -1.51975975]
 [ 5.49778714 -1.51975975]]"
twilight_neo_nightpattern6v2.0_10yrs,[nan nan 0.0 ... 1.6744186046511629 2.2777777777777777 2.477272727272727],"[[ 1.3253594   0.62282659]
 [ 1.42353417  0.62282659]
 [ 1.52170894  0.62282659]
 ...
 [ 2.35619449 -1.51975975]
 [ 3.92699082 -1.51975975]
 [ 5.49778714 -1.51975975]]"
twilight_neo_nightpattern7v2.0_10yrs,[nan 0.0 0.0 ... 1.125 3.84375 1.2413793103448276],"[[ 1.3253594   0.62282659]
 [ 1.42353417  0.62282659]
 [ 1.52170894  0.62282659]
 ...
 [ 2.35619449 -1.51975975]
 [ 3.92699082 -1.51975975]
 [ 5.49778714 -1.51975975]]"
vary_expt_v2.0_10yrs,"[nan 1.2307692307692308 2.75 ... 0.75 0.6153846153846154
 0.7357142857142858]","[[ 1.3253594   0.62282659]
 [ 1.42353417  0.62282659]
 [ 1.52170894  0.62282659]
 ...
 [ 2.35619449 -1.51975975]
 [ 3.92699082 -1.51975975]
 [ 5.49778714 -1.51975975]]"
vary_gp_gpfrac0.01_v2.0_10yrs,"[nan 6.666666666666667 4.6 ... 1.443298969072165 1.4175824175824177
 1.9824561403508771]","[[ 1.3253594   0.62282659]
 [ 1.42353417  0.62282659]
 [ 1.52170894  0.62282659]
 ...
 [ 2.35619449 -1.51975975]
 [ 3.92699082 -1.51975975]
 [ 5.49778714 -1.51975975]]"
vary_gp_gpfrac0.05_v2.0_10yrs,"[nan 6.333333333333333 0.0 ... 1.1666666666666667 1.7746478873239437
 1.4705882352941178]","[[ 1.3253594   0.62282659]
 [ 1.42353417  0.62282659]
 [ 1.52170894  0.62282659]
 ...
 [ 2.35619449 -1.51975975]
 [ 3.92699082 -1.51975975]
 [ 5.49778714 -1.51975975]]"
vary_gp_gpfrac0.10_v2.0_10yrs,[0.0 0.0 0.0 ... 1.8933333333333333 2.3559322033898304 1.5588235294117647],"[[ 1.3253594   0.62282659]
 [ 1.42353417  0.62282659]
 [ 1.52170894  0.62282659]
 ...
 [ 2.35619449 -1.51975975]
 [ 3.92699082 -1.51975975]
 [ 5.49778714 -1.51975975]]"
vary_gp_gpfrac0.15_v2.0_10yrs,[nan 0.0 0.0 ... 1.165289256198347 1.6144578313253013 2.087719298245614],"[[ 1.3253594   0.62282659]
 [ 1.42353417  0.62282659]
 [ 1.52170894  0.62282659]
 ...
 [ 2.35619449 -1.51975975]
 [ 3.92699082 -1.51975975]
 [ 5.49778714 -1.51975975]]"
vary_gp_gpfrac0.20_v2.0_10yrs,"[nan 6.333333333333333 nan ... 2.8085106382978724 3.6216216216216215
 1.2875]","[[ 1.3253594   0.62282659]
 [ 1.42353417  0.62282659]
 [ 1.52170894  0.62282659]
 ...
 [ 2.35619449 -1.51975975]
 [ 3.92699082 -1.51975975]
 [ 5.49778714 -1.51975975]]"
vary_gp_gpfrac0.25_v2.0_10yrs,[nan 5.0 0.0 ... 1.576470588235294 2.62 1.4556962025316456],"[[ 1.3253594   0.62282659]
 [ 1.42353417  0.62282659]
 [ 1.52170894  0.62282659]
 ...
 [ 2.35619449 -1.51975975]
 [ 3.92699082 -1.51975975]
 [ 5.49778714 -1.51975975]]"
vary_gp_gpfrac0.30_v2.0_10yrs,[nan 4.0 0.0 ... 0.9457364341085271 1.868421052631579 1.2282608695652173],"[[ 1.3253594   0.62282659]
 [ 1.42353417  0.62282659]
 [ 1.52170894  0.62282659]
 ...
 [ 2.35619449 -1.51975975]
 [ 3.92699082 -1.51975975]
 [ 5.49778714 -1.51975975]]"
vary_gp_gpfrac0.35_v2.0_10yrs,[nan nan 0.0 ... 1.0 3.0869565217391304 1.9393939393939394],"[[ 1.3253594   0.62282659]
 [ 1.42353417  0.62282659]
 [ 1.52170894  0.62282659]
 ...
 [ 2.35619449 -1.51975975]
 [ 3.92699082 -1.51975975]
 [ 5.49778714 -1.51975975]]"
vary_gp_gpfrac0.40_v2.0_10yrs,[nan nan 0.0 ... 1.6136363636363635 1.8222222222222222 2.090909090909091],"[[ 1.3253594   0.62282659]
 [ 1.42353417  0.62282659]
 [ 1.52170894  0.62282659]
 ...
 [ 2.35619449 -1.51975975]
 [ 3.92699082 -1.51975975]
 [ 5.49778714 -1.51975975]]"
vary_gp_gpfrac0.45_v2.0_10yrs,[nan 4.5 0.0 ... 1.6805555555555556 1.956043956043956 1.90625],"[[ 1.3253594   0.62282659]
 [ 1.42353417  0.62282659]
 [ 1.52170894  0.62282659]
 ...
 [ 2.35619449 -1.51975975]
 [ 3.92699082 -1.51975975]
 [ 5.49778714 -1.51975975]]"
vary_gp_gpfrac0.50_v2.0_10yrs,[nan 4.0 nan ... 1.55 2.6818181818181817 1.7857142857142858],"[[ 1.3253594   0.62282659]
 [ 1.42353417  0.62282659]
 [ 1.52170894  0.62282659]
 ...
 [ 2.35619449 -1.51975975]
 [ 3.92699082 -1.51975975]
 [ 5.49778714 -1.51975975]]"
vary_gp_gpfrac0.55_v2.0_10yrs,[nan 3.25 3.25 ... 2.4262295081967213 1.967741935483871 1.8524590163934427],"[[ 1.3253594   0.62282659]
 [ 1.42353417  0.62282659]
 [ 1.52170894  0.62282659]
 ...
 [ 2.35619449 -1.51975975]
 [ 3.92699082 -1.51975975]
 [ 5.49778714 -1.51975975]]"
vary_gp_gpfrac0.75_v2.0_10yrs,[nan 3.0 0.0 ... 1.1261261261261262 1.5571428571428572 1.5],"[[ 1.3253594   0.62282659]
 [ 1.42353417  0.62282659]
 [ 1.52170894  0.62282659]
 ...
 [ 2.35619449 -1.51975975]
 [ 3.92699082 -1.51975975]
 [ 5.49778714 -1.51975975]]"
vary_gp_gpfrac1.00_v2.0_10yrs,[nan 0.0 nan ... 1.8709677419354838 1.4886363636363635 2.1875],"[[ 1.3253594   0.62282659]
 [ 1.42353417  0.62282659]
 [ 1.52170894  0.62282659]
 ...
 [ 2.35619449 -1.51975975]
 [ 3.92699082 -1.51975975]
 [ 5.49778714 -1.51975975]]"
vary_nes_nesfrac0.01_v2.0_10yrs,[nan nan nan ... 1.3888888888888888 3.186046511627907 1.2159090909090908],"[[ 1.42353417  0.62282659]
 [ 1.61988371  0.62282659]
 [ 1.81623325  0.62282659]
 ...
 [ 2.35619449 -1.51975975]
 [ 3.92699082 -1.51975975]
 [ 5.49778714 -1.51975975]]"
vary_nes_nesfrac0.05_v2.0_10yrs,[nan nan nan ... 1.4945054945054945 3.1052631578947367 1.95],"[[ 1.3253594   0.62282659]
 [ 1.42353417  0.62282659]
 [ 1.52170894  0.62282659]
 ...
 [ 2.35619449 -1.51975975]
 [ 3.92699082 -1.51975975]
 [ 5.49778714 -1.51975975]]"
vary_nes_nesfrac0.10_v2.0_10yrs,[0.0 nan 0.0 ... 1.6428571428571428 2.4727272727272727 2.135593220338983],"[[ 1.42353417  0.62282659]
 [ 1.52170894  0.62282659]
 [ 1.61988371  0.62282659]
 ...
 [ 2.35619449 -1.51975975]
 [ 3.92699082 -1.51975975]
 [ 5.49778714 -1.51975975]]"
vary_nes_nesfrac0.15_v2.0_10yrs,[nan 2.75 nan ... 1.4505494505494505 1.196969696969697 1.3409090909090908],"[[ 1.3253594   0.62282659]
 [ 1.42353417  0.62282659]
 [ 1.52170894  0.62282659]
 ...
 [ 2.35619449 -1.51975975]
 [ 3.92699082 -1.51975975]
 [ 5.49778714 -1.51975975]]"
vary_nes_nesfrac0.20_v2.0_10yrs,[nan 2.25 3.0 ... 1.0461538461538462 2.4 1.7419354838709677],"[[ 1.3253594   0.62282659]
 [ 1.42353417  0.62282659]
 [ 1.52170894  0.62282659]
 ...
 [ 2.35619449 -1.51975975]
 [ 3.92699082 -1.51975975]
 [ 5.49778714 -1.51975975]]"
vary_nes_nesfrac0.25_v2.0_10yrs,"[3.3333333333333335 0.0 0.0 ... 1.876923076923077 1.9090909090909092
 2.4651162790697674]","[[ 1.42353417  0.62282659]
 [ 1.52170894  0.62282659]
 [ 1.61988371  0.62282659]
 ...
 [ 2.35619449 -1.51975975]
 [ 3.92699082 -1.51975975]
 [ 5.49778714 -1.51975975]]"
vary_nes_nesfrac0.30_v2.0_10yrs,"[nan nan 1.5714285714285714 ... 2.193548387096774 2.418181818181818
 1.9473684210526316]","[[ 1.3253594   0.62282659]
 [ 1.42353417  0.62282659]
 [ 1.52170894  0.62282659]
 ...
 [ 2.35619449 -1.51975975]
 [ 3.92699082 -1.51975975]
 [ 5.49778714 -1.51975975]]"
vary_nes_nesfrac0.35_v2.0_10yrs,[nan 0.0 4.75 ... 1.588235294117647 1.6333333333333333 1.2784810126582278],"[[ 1.3253594   0.62282659]
 [ 1.42353417  0.62282659]
 [ 1.52170894  0.62282659]
 ...
 [ 2.35619449 -1.51975975]
 [ 3.92699082 -1.51975975]
 [ 5.49778714 -1.51975975]]"
vary_nes_nesfrac0.40_v2.0_10yrs,"[nan nan 3.6666666666666665 ... 1.062992125984252 2.8297872340425534
 1.2278481012658229]","[[ 1.3253594   0.62282659]
 [ 1.42353417  0.62282659]
 [ 1.52170894  0.62282659]
 ...
 [ 2.35619449 -1.51975975]
 [ 3.92699082 -1.51975975]
 [ 5.49778714 -1.51975975]]"
vary_nes_nesfrac0.45_v2.0_10yrs,[0.0 0.0 5.75 ... 1.309278350515464 3.2325581395348837 2.638888888888889],"[[ 1.3253594   0.62282659]
 [ 1.42353417  0.62282659]
 [ 1.52170894  0.62282659]
 ...
 [ 2.35619449 -1.51975975]
 [ 3.92699082 -1.51975975]
 [ 5.49778714 -1.51975975]]"
vary_nes_nesfrac0.50_v2.0_10yrs,"[nan 0.0 7.333333333333333 ... 1.2277227722772277 2.418181818181818
 1.7313432835820894]","[[ 1.3253594   0.62282659]
 [ 1.42353417  0.62282659]
 [ 1.52170894  0.62282659]
 ...
 [ 2.35619449 -1.51975975]
 [ 3.92699082 -1.51975975]
 [ 5.49778714 -1.51975975]]"
vary_nes_nesfrac0.55_v2.0_10yrs,"[4.333333333333333 6.25 6.75 ... 1.3608247422680413 3.5675675675675675
 1.3928571428571428]","[[ 1.3253594   0.62282659]
 [ 1.42353417  0.62282659]
 [ 1.52170894  0.62282659]
 ...
 [ 2.35619449 -1.51975975]
 [ 3.92699082 -1.51975975]
 [ 5.49778714 -1.51975975]]"
vary_nes_nesfrac0.75_v2.0_10yrs,"[6.666666666666667 4.285714285714286 10.333333333333334 ...
 1.1048387096774193 1.316831683168317 2.659090909090909]","[[ 1.3253594   0.62282659]
 [ 1.42353417  0.62282659]
 [ 1.52170894  0.62282659]
 ...
 [ 2.35619449 -1.51975975]
 [ 3.92699082 -1.51975975]
 [ 5.49778714 -1.51975975]]"
vary_nes_nesfrac1.00_v2.0_10yrs,[5.0 12.0 15.0 ... 1.3974358974358974 2.46 1.803921568627451],"[[ 1.3253594   0.62282659]
 [ 1.42353417  0.62282659]
 [ 1.52170894  0.62282659]
 ...
 [ 2.35619449 -1.51975975]
 [ 3.92699082 -1.51975975]
 [ 5.49778714 -1.51975975]]"
virgo_cluster_v2.0_10yrs,[nan nan 0.0 ... 1.2523364485981308 1.7560975609756098 1.2272727272727273],"[[ 1.3253594   0.62282659]
 [ 1.42353417  0.62282659]
 [ 1.52170894  0.62282659]
 ...
 [ 2.35619449 -1.51975975]
 [ 3.92699082 -1.51975975]
 [ 5.49778714 -1.51975975]]"
