,LS-3s,coo
vary_gp_gpfrac0.10_v2.0_10yrs,"[nan 0.002026342451874367 0.0018281535648994515 ... 0.001419590346785642
 0.0004048582995951417 nan]","[[ 1.86532064  0.2959688 ]
 [ 1.81623325  0.25268026]
 [ 1.91440802  0.25268026]
 ...
 [ 1.72787596 -1.31494387]
 [ 0.19634954 -1.36631613]
 [ 1.37444679 -1.36631613]]"
rolling_ns2_rw0.5_v2.0_10yrs,"[nan 0.0022271714922048997 0.002631578947368421 ... 0.0022106109324758843
 nan 0.0004065040650406504]","[[ 1.96349541  0.2959688 ]
 [ 1.81623325  0.25268026]
 [ 1.91440802  0.25268026]
 ...
 [ 1.72787596 -1.31494387]
 [ 0.19634954 -1.36631613]
 [ 1.37444679 -1.36631613]]"
rolling_ns3_rw0.9_v2.0_10yrs,"[0.0022271714922048997 0.002631578947368421 0.002026342451874367 ...
 0.0022106109324758843 nan 0.0004065040650406504]","[[ 1.81623325  0.25268026]
 [ 1.91440802  0.25268026]
 [ 2.01258279  0.25268026]
 ...
 [ 1.72787596 -1.31494387]
 [ 0.19634954 -1.36631613]
 [ 1.37444679 -1.36631613]]"
long_u2_v2.0_10yrs,"[0.0016210739614994933 0.00342327829238824 0.002010454362685967 ...
 0.00222177337911533 nan nan]","[[ 1.81623325  0.25268026]
 [ 1.91440802  0.25268026]
 [ 2.01258279  0.25268026]
 ...
 [ 1.72787596 -1.31494387]
 [ 0.19634954 -1.36631613]
 [ 1.37444679 -1.36631613]]"
long_gaps_nightsoff0_delayed1827_v2.0_10yrs,"[0.0022271714922048997 0.002631578947368421 0.002026342451874367 ...
 0.0022106109324758843 nan 0.0004065040650406504]","[[ 1.81623325  0.25268026]
 [ 1.91440802  0.25268026]
 [ 2.01258279  0.25268026]
 ...
 [ 1.72787596 -1.31494387]
 [ 0.19634954 -1.36631613]
 [ 1.37444679 -1.36631613]]"
vary_gp_gpfrac0.01_v2.0_10yrs,"[nan 0.0022114997989545635 0.0014084507042253522 ... 0.0014101531023368251
 0.0 0.0]","[[ 2.25801972  0.2959688 ]
 [ 1.81623325  0.25268026]
 [ 1.91440802  0.25268026]
 ...
 [ 1.72787596 -1.31494387]
 [ 0.19634954 -1.36631613]
 [ 1.37444679 -1.36631613]]"
presto_half_gap3.5_mix_v2.0_10yrs,"[0.0004039587962027873 0.0006080259424402108 0.001211876388608362 ...
 0.0012108980827447023 0.0002032520325203252 nan]","[[ 1.81623325  0.25268026]
 [ 1.91440802  0.25268026]
 [ 2.01258279  0.25268026]
 ...
 [ 1.72787596 -1.31494387]
 [ 0.19634954 -1.36631613]
 [ 1.37444679 -1.36631613]]"
vary_gp_gpfrac0.15_v2.0_10yrs,"[nan 0.0020189783969311527 0.0008098805426199635 ... 0.0012101653892698668
 0.0004044489383215369 nan]","[[ 4.51603944  0.2959688 ]
 [ 1.81623325  0.25268026]
 [ 1.91440802  0.25268026]
 ...
 [ 1.72787596 -1.31494387]
 [ 0.19634954 -1.36631613]
 [ 1.37444679 -1.36631613]]"
long_gaps_nightsoff3_delayed1827_v2.0_10yrs,"[nan 0.0022271714922048997 0.002631578947368421 ... 0.0022106109324758843
 nan 0.0004065040650406504]","[[ 2.25801972  0.2959688 ]
 [ 1.81623325  0.25268026]
 [ 1.91440802  0.25268026]
 ...
 [ 1.72787596 -1.31494387]
 [ 0.19634954 -1.36631613]
 [ 1.37444679 -1.36631613]]"
retro_baseline_v2.0_10yrs,[nan nan 0.00040461258345134534 ... nan nan 0.0004039587962027873],"[[ 0.04908739  0.08343009]
 [ 0.14726216  0.08343009]
 [ 0.24543693  0.08343009]
 ...
 [ 5.84685299 -1.10738145]
 [ 6.02138592 -1.10738145]
 [ 6.19591884 -1.10738145]]"
vary_nes_nesfrac0.55_v2.0_10yrs,"[nan 0.0016250253910217347 0.0028368794326241137 ... 0.0004048582995951417
 0.00040461258345134534 0.000203210729526519]","[[ 2.25801972  0.2959688 ]
 [ 1.81623325  0.25268026]
 [ 1.91440802  0.25268026]
 ...
 [ 1.72787596 -1.31494387]
 [ 0.19634954 -1.36631613]
 [ 1.37444679 -1.36631613]]"
long_gaps_nightsoff6_delayed1827_v2.0_10yrs,"[0.0022271714922048997 0.002631578947368421 0.002026342451874367 ...
 0.0014067524115755627 nan 0.0004065040650406504]","[[ 1.81623325  0.25268026]
 [ 1.91440802  0.25268026]
 [ 2.01258279  0.25268026]
 ...
 [ 1.72787596 -1.31494387]
 [ 0.19634954 -1.36631613]
 [ 1.37444679 -1.36631613]]"
vary_nes_nesfrac0.20_v2.0_10yrs,"[nan 0.002028397565922921 0.002027986209693774 ... 0.0014138557867097556
 0.0 0.0]","[[ 2.55254403  0.2959688 ]
 [ 1.81623325  0.25268026]
 [ 1.91440802  0.25268026]
 ...
 [ 1.72787596 -1.31494387]
 [ 0.19634954 -1.36631613]
 [ 1.37444679 -1.36631613]]"
presto_gap2.0_mix_v2.0_10yrs,"[0.0004063388866314506 0.0004065040650406504 0.0006105006105006105 ...
 0.002002402883460152 nan nan]","[[ 1.81623325  0.25268026]
 [ 1.91440802  0.25268026]
 [ 2.01258279  0.25268026]
 ...
 [ 1.72787596 -1.31494387]
 [ 0.19634954 -1.36631613]
 [ 1.37444679 -1.36631613]]"
presto_half_gap4.0_v2.0_10yrs,"[0.0022316899979711907 0.0022298803973241437 0.0006056935190793458 ...
 0.0016184503338053813 nan 0.0004044489383215369]","[[ 1.81623325  0.25268026]
 [ 1.91440802  0.25268026]
 [ 2.01258279  0.25268026]
 ...
 [ 1.72787596 -1.31494387]
 [ 0.19634954 -1.36631613]
 [ 1.37444679 -1.36631613]]"
rolling_bulge_ns2_rw0.9_v2.0_10yrs,"[0.0022271714922048997 0.002631578947368421 0.002026342451874367 ...
 0.0022106109324758843 0.0004027386226339106 0.0004065040650406504]","[[ 1.81623325  0.25268026]
 [ 1.91440802  0.25268026]
 [ 2.01258279  0.25268026]
 ...
 [ 1.72787596 -1.31494387]
 [ 0.19634954 -1.36631613]
 [ 1.37444679 -1.36631613]]"
long_gaps_np_nightsoff4_delayed-1_v2.0_10yrs,"[0.0016200891049007696 0.0012170385395537525 0.0038461538461538464 ...
 0.0004042854255104103 0.0004062563477554337 0.00020308692120227456]","[[ 1.81623325  0.25268026]
 [ 1.91440802  0.25268026]
 [ 2.01258279  0.25268026]
 ...
 [ 1.72787596 -1.31494387]
 [ 0.19634954 -1.36631613]
 [ 1.37444679 -1.36631613]]"
noroll_v2.0_10yrs,"[nan 0.0022271714922048997 0.002631578947368421 ... 0.0022106109324758843
 nan 0.0004065040650406504]","[[ 2.25801972  0.2959688 ]
 [ 1.81623325  0.25268026]
 [ 1.91440802  0.25268026]
 ...
 [ 1.72787596 -1.31494387]
 [ 0.19634954 -1.36631613]
 [ 1.37444679 -1.36631613]]"
presto_gap4.0_v2.0_10yrs,"[0.0014167172637117992 0.0004051863857374392 0.0014050582095543958 ...
 0.0004062563477554337 nan 0.0]","[[ 1.81623325  0.25268026]
 [ 1.91440802  0.25268026]
 [ 2.01258279  0.25268026]
 ...
 [ 1.72787596 -1.31494387]
 [ 0.19634954 -1.36631613]
 [ 1.37444679 -1.36631613]]"
long_gaps_nightsoff3_delayed-1_v2.0_10yrs,"[nan 0.001218274111675127 0.0022240194096239383 ... 0.00040592652729855896
 0.00040346984062941297 nan]","[[ 2.55254403  0.2959688 ]
 [ 1.81623325  0.25268026]
 [ 1.91440802  0.25268026]
 ...
 [ 1.72787596 -1.31494387]
 [ 0.19634954 -1.36631613]
 [ 1.37444679 -1.36631613]]"
rolling_all_sky_ns2_rw0.9_v2.0_10yrs,"[0.0022271714922048997 0.002631578947368421 0.002026342451874367 ...
 0.0022106109324758843 nan 0.0004065040650406504]","[[ 1.81623325  0.25268026]
 [ 1.91440802  0.25268026]
 [ 2.01258279  0.25268026]
 ...
 [ 1.72787596 -1.31494387]
 [ 0.19634954 -1.36631613]
 [ 1.37444679 -1.36631613]]"
long_gaps_nightsoff7_delayed-1_v2.0_10yrs,"[0.0020218358269308533 0.001421608448415922 0.0034378159757330637 ...
 0.0006088897909478384 0.0 nan]","[[ 1.81623325  0.25268026]
 [ 1.91440802  0.25268026]
 [ 2.01258279  0.25268026]
 ...
 [ 1.72787596 -1.31494387]
 [ 0.19634954 -1.36631613]
 [ 1.37444679 -1.36631613]]"
long_gaps_np_nightsoff0_delayed-1_v2.0_10yrs,"[0.0014042126379137413 0.002007628990162618 0.0036130068245684463 ...
 0.002003606491685033 nan nan]","[[ 1.81623325  0.25268026]
 [ 1.91440802  0.25268026]
 [ 2.01258279  0.25268026]
 ...
 [ 1.72787596 -1.31494387]
 [ 0.19634954 -1.36631613]
 [ 1.37444679 -1.36631613]]"
vary_nes_nesfrac0.50_v2.0_10yrs,"[nan 0.0004065040650406504 0.0020242914979757085 ... 0.0012121212121212121
 nan 0.0004036326942482341]","[[ 2.55254403  0.2959688 ]
 [ 1.81623325  0.25268026]
 [ 1.91440802  0.25268026]
 ...
 [ 1.72787596 -1.31494387]
 [ 0.19634954 -1.36631613]
 [ 1.37444679 -1.36631613]]"
long_gaps_nightsoff5_delayed1827_v2.0_10yrs,"[0.0022271714922048997 0.002631578947368421 0.002026342451874367 ...
 0.0022106109324758843 nan 0.0004065040650406504]","[[ 1.81623325  0.25268026]
 [ 1.91440802  0.25268026]
 [ 2.01258279  0.25268026]
 ...
 [ 1.72787596 -1.31494387]
 [ 0.19634954 -1.36631613]
 [ 1.37444679 -1.36631613]]"
vary_nes_nesfrac0.25_v2.0_10yrs,"[0.0026241421073879695 0.0006092607636068237 0.001417004048582996 ...
 0.002028397565922921 nan nan]","[[ 1.81623325  0.25268026]
 [ 1.91440802  0.25268026]
 [ 2.01258279  0.25268026]
 ...
 [ 1.72787596 -1.31494387]
 [ 0.19634954 -1.36631613]
 [ 1.37444679 -1.36631613]]"
baseline_retrofoot_v2.0_10yrs,"[0.0028146361077603537 0.0006022886970487854 0.00040461258345134534 ...
 nan nan nan]","[[ 0.04908739  0.08343009]
 [ 0.14726216  0.08343009]
 [ 0.24543693  0.08343009]
 ...
 [ 5.84685299 -1.10738145]
 [ 6.02138592 -1.10738145]
 [ 6.19591884 -1.10738145]]"
long_gaps_np_nightsoff7_delayed-1_v2.0_10yrs,"[nan 0.005868069607446378 0.004622186495176849 ... 0.0020116676725005027
 0.0006036217303822937 0.0004027386226339106]","[[ 2.25801972  0.2959688 ]
 [ 1.81623325  0.25268026]
 [ 1.91440802  0.25268026]
 ...
 [ 1.72787596 -1.31494387]
 [ 0.19634954 -1.36631613]
 [ 1.37444679 -1.36631613]]"
long_gaps_nightsoff0_delayed-1_v2.0_10yrs,"[0.0014172909495849362 0.0020312817387771686 0.002027986209693774 ...
 0.0032225579053373615 nan nan]","[[ 1.81623325  0.25268026]
 [ 1.91440802  0.25268026]
 [ 2.01258279  0.25268026]
 ...
 [ 1.72787596 -1.31494387]
 [ 0.19634954 -1.36631613]
 [ 1.37444679 -1.36631613]]"
vary_gp_gpfrac0.40_v2.0_10yrs,"[0.0038183279742765273 0.004225352112676056 0.002014098690835851 ...
 0.00202020202020202 nan nan]","[[ 1.81623325  0.25268026]
 [ 1.91440802  0.25268026]
 [ 2.01258279  0.25268026]
 ...
 [ 1.72787596 -1.31494387]
 [ 0.19634954 -1.36631613]
 [ 1.37444679 -1.36631613]]"
roll_early_v2.0_10yrs,"[0.004251872848754809 0.002834008097165992 0.00303951367781155 ...
 0.0020096463022508037 0.00020296326364927948 0.0004065040650406504]","[[ 1.81623325  0.25268026]
 [ 1.91440802  0.25268026]
 [ 2.01258279  0.25268026]
 ...
 [ 1.72787596 -1.31494387]
 [ 0.19634954 -1.36631613]
 [ 1.37444679 -1.36631613]]"
presto_half_gap2.0_mix_v2.0_10yrs,"[0.0004013646397752358 0.0020096463022508037 0.0004052684903748733 ...
 0.0012072434607645875 nan 0.00020308692120227456]","[[ 1.81623325  0.25268026]
 [ 1.91440802  0.25268026]
 [ 2.01258279  0.25268026]
 ...
 [ 1.72787596 -1.31494387]
 [ 0.19634954 -1.36631613]
 [ 1.37444679 -1.36631613]]"
rolling_bulge_6_v2.0_10yrs,"[nan 0.0022271714922048997 0.002631578947368421 ... 0.0022106109324758843
 nan 0.0004065040650406504]","[[ 2.25801972  0.2959688 ]
 [ 1.81623325  0.25268026]
 [ 1.91440802  0.25268026]
 ...
 [ 1.72787596 -1.31494387]
 [ 0.19634954 -1.36631613]
 [ 1.37444679 -1.36631613]]"
vary_gp_gpfrac0.35_v2.0_10yrs,"[0.0016041708441949067 0.0052125100240577385 0.00300782033286545 ...
 0.0020242914979757085 0.00040314452731304173 nan]","[[ 1.81623325  0.25268026]
 [ 1.91440802  0.25268026]
 [ 2.01258279  0.25268026]
 ...
 [ 1.72787596 -1.31494387]
 [ 0.19634954 -1.36631613]
 [ 1.37444679 -1.36631613]]"
long_gaps_np_nightsoff3_delayed1827_v2.0_10yrs,"[0.0022271714922048997 0.002631578947368421 0.002026342451874367 ...
 0.0022106109324758843 nan 0.0004065040650406504]","[[ 1.81623325  0.25268026]
 [ 1.91440802  0.25268026]
 [ 2.01258279  0.25268026]
 ...
 [ 1.72787596 -1.31494387]
 [ 0.19634954 -1.36631613]
 [ 1.37444679 -1.36631613]]"
vary_gp_gpfrac0.45_v2.0_10yrs,"[0.0014167172637117992 0.0006079027355623101 0.0006097560975609756 ...
 0.0004042854255104103 nan nan]","[[ 1.81623325  0.25268026]
 [ 1.91440802  0.25268026]
 [ 2.01258279  0.25268026]
 ...
 [ 1.72787596 -1.31494387]
 [ 0.19634954 -1.36631613]
 [ 1.37444679 -1.36631613]]"
vary_gp_gpfrac0.30_v2.0_10yrs,"[0.002025111381125962 0.001417004048582996 0.002834008097165992 ...
 0.0006055712555510698 nan 0.0004048582995951417]","[[ 1.81623325  0.25268026]
 [ 1.91440802  0.25268026]
 [ 2.01258279  0.25268026]
 ...
 [ 1.72787596 -1.31494387]
 [ 0.19634954 -1.36631613]
 [ 1.37444679 -1.36631613]]"
long_gaps_nightsoff4_delayed-1_v2.0_10yrs,"[nan 0.0006087662337662338 0.0020242914979757085 ... 0.0006085192697768763
 nan 0.0002035416242621616]","[[ 2.55254403  0.2959688 ]
 [ 1.81623325  0.25268026]
 [ 1.91440802  0.25268026]
 ...
 [ 1.72787596 -1.31494387]
 [ 0.19634954 -1.36631613]
 [ 1.37444679 -1.36631613]]"
long_gaps_np_nightsoff0_delayed1827_v2.0_10yrs,"[0.0022271714922048997 0.002631578947368421 0.002026342451874367 ...
 0.0022106109324758843 nan 0.0004065040650406504]","[[ 1.81623325  0.25268026]
 [ 1.91440802  0.25268026]
 [ 2.01258279  0.25268026]
 ...
 [ 1.72787596 -1.31494387]
 [ 0.19634954 -1.36631613]
 [ 1.37444679 -1.36631613]]"
long_gaps_np_nightsoff3_delayed-1_v2.0_10yrs,"[0.0022106109324758843 0.0018134193028410237 0.0014204545454545455 ...
 0.0014175779667881733 nan 0.000608149199270221]","[[ 1.81623325  0.25268026]
 [ 1.91440802  0.25268026]
 [ 2.01258279  0.25268026]
 ...
 [ 1.72787596 -1.31494387]
 [ 0.19634954 -1.36631613]
 [ 1.37444679 -1.36631613]]"
six_rolling_ns6_rw0.9_v2.0_10yrs,"[0.003009630818619583 0.0014158576051779936 0.0028403327246906067 ...
 0.002015316404675534 nan nan]","[[ 1.81623325  0.25268026]
 [ 1.91440802  0.25268026]
 [ 2.01258279  0.25268026]
 ...
 [ 1.72787596 -1.31494387]
 [ 0.19634954 -1.36631613]
 [ 1.37444679 -1.36631613]]"
long_gaps_np_nightsoff5_delayed1827_v2.0_10yrs,"[0.0022271714922048997 0.002631578947368421 0.002026342451874367 ...
 0.0022106109324758843 nan 0.0004065040650406504]","[[ 1.81623325  0.25268026]
 [ 1.91440802  0.25268026]
 [ 2.01258279  0.25268026]
 ...
 [ 1.72787596 -1.31494387]
 [ 0.19634954 -1.36631613]
 [ 1.37444679 -1.36631613]]"
vary_nes_nesfrac0.05_v2.0_10yrs,"[0.0020242914979757085 0.0020242914979757085 0.0012140833670578712 ...
 0.003011443485243927 0.0004048582995951417 0.0014084507042253522]","[[ 1.81623325  0.25268026]
 [ 1.91440802  0.25268026]
 [ 2.01258279  0.25268026]
 ...
 [ 1.72787596 -1.31494387]
 [ 0.19634954 -1.36631613]
 [ 1.37444679 -1.36631613]]"
vary_nes_nesfrac1.00_v2.0_10yrs,"[nan 0.0012135922330097086 0.00040617384240454913 0.002025931928687196
 0.0030425963488843813 0.004448038819247877 0.0020304568527918783
 0.0022344099126548854 0.002640666260410319 0.002025931928687196
 0.0004048582995951417 0.0004065040650406504 nan 0.017684887459807074
 0.016495674914504124 0.010323886639676113 0.010526315789473684
 0.011928831378892033 0.015587044534412956 0.01680161943319838
 0.012380759082606049 0.011916784487982226 0.013112769820455922
 0.009892994144962648 0.015521064301552107 0.0038376085639264795 nan nan
 0.008896077638495753 0.01908780389793048 0.01787507531632858
 0.010303030303030303 0.02136665994759121 0.014519056261343012
 0.019584090450232183 0.009323064450749898 0.006092607636068237
 0.017929089443996776 0.011700625378252975 0.018731117824773415
 0.012286002014098692 0.015291750503018108 0.0074461662306299055 nan
 0.0178678980124473 0.018667201926936973 0.017965280581348407
 0.021791767554479417 0.016314199395770394 0.020560370892965127
 0.01777418703292264 0.016343825665859565 0.0060593819430418095
 0.019919517102615695 0.016670014059048003 0.018932527693857
 0.01889827100924809 0.017702675518004425 0.013866559485530547
 0.0004020100502512563 0.0002030456852791878 nan 0.0028363047001620746
 0.024229074889867842 0.016683417085427137 0.0163372327551432
 0.020116676725005028 0.01547427652733119 0.01674399838612064
 0.013695871097683786 0.01887550200803213 0.01827309236947791
 0.020879341497691228 0.019919517102615695 0.01587620578778135
 0.018693467336683416 0.016663320618349728 0.018670949608512347
 0.004233017536786938 nan 0.00040494027130998176 0.002604688439190543
 0.013866559485530547 0.0004037956793862306 0.002 0.0018090452261306533
 0.0006050826946349334 0.0020008003201280513 0.003401360544217687
 0.0006028938906752412 0.0004043671653861706 0.0006066734074823053
 0.0030248033877797943 0.00040298206729800525 0.006010819475055099
 0.018633540372670808 0.02031784349225508 0.024028834601521828
 0.020879341497691228 0.02244039270687237 0.017526188557614827
 0.013936578468996163 0.010642570281124497 0.020883534136546186
 0.01784997994384276 0.019288728149487643 0.020879341497691228
 0.02050251256281407 0.021883155992772536 0.02591922845087402
 0.013866559485530547 nan 0.0020157226365652087 0.0028299979785728724
 0.0030175015087507543 0.024115755627009645 0.022435897435897436 0.026
 0.0276 0.0224 0.02183931075936686 0.024229074889867842 0.0254 0.0218
 0.018207282913165267 0.0182328190743338 0.014808885331198719
 0.017807122849139656 0.02521512907744647 0.022426912294753704
 0.0004052684903748733 0.026615969581749048 0.017119838872104734
 0.021408563425370147 0.022937625754527163 0.01582849128431176
 0.016307630360378498 0.012224448897795592 0.015713134568896052
 0.019879518072289156 0.01766713511343104 0.021425710853023628
 0.02128086729572375 0.021664994984954864 0.016245487364620937
 0.015440144375375978 0.01827309236947791 0.020837507513524343
 0.00902346099859635 0.01021839310759367 0.021953675730110776
 0.019540692989524575 0.026792908944399677 0.025903614457831327
 0.01882258710452543 0.023713826366559485 0.0298 0.029 0.01944277410302666
 0.0224 0.027 0.027 0.0226 0.02123822881186135 0.0214 0.0194
 0.014425966740132239 0.026 0.00020263424518743666 0.013424163494289721
 0.027833400080096115 0.0226 0.021625951141369643 0.021660649819494584
 0.02145148356054531 0.0171163914619412 0.022640753356040873
 0.01943498296934482 0.017483922829581992 0.021617293835068056
 0.016054585591009432 0.021638950110198358 0.02564102564102564
 0.027844551282051284 0.025296125276048985 0.019489652401044805
 0.02183931075936686 0.018243785084202085 nan nan 0.01662327258161426
 0.022709003215434082 0.0227364185110664 0.021529175050301812
 0.022709003215434082 0.021682393093756275 0.021682393093756275
 0.02573899054896441 0.02176980447490425 0.0274 0.0256 0.0264
 0.018207282913165267 0.0236 0.027 0.0252 0.021212727636581948 0.0182
 0.012815378454144974 0.019811887132279368 0.00661455201443175 0.0166 nan
 nan 0.020808323329331732 0.021425710853023628 0.022458391818728694
 0.018251103088648215 0.020808323329331732 0.012313282196205087 0.0216
 0.022426912294753704 0.022695320345450895 0.0256 0.028
 0.025646163093568423 0.016025641025641024 0.024829795754905886
 0.017824954936911677 0.014282840474753571 0.018032458425165297
 0.022476419827413205 0.024914607193088207 0.0020096463022508037
 0.0004015257980325236 nan 0.008842443729903537 0.028634361233480177
 0.02923508209851822 0.022704440425959413 0.0289098574583417
 0.02112676056338028 0.027850130234421958 0.024463605373972328
 0.02265891317425306 0.026 0.0338 0.03 0.0288 0.0284 0.0276 0.0218
 0.02061236742045227 0.027 0.02 0.02042450941129355 0.02724904828691645
 0.0162 nan 0.0194 0.0186 0.022426912294753704 0.02723267921505807
 0.02068273092369478 0.025867254862642873 0.019823788546255508
 0.017903842285254476 0.019 0.02007628990162618 0.01565950612326842 0.0188
 0.02042450941129355 0.01821092655593356 0.020024028834601523
 0.02244039270687237 0.02564102564102564 0.025646163093568423
 0.02164762477450391 0.021834935897435896 0.02361416850110066
 0.01547427652733119 0.0086 nan 0.0 0.003819095477386935
 0.025830997196635962 0.026842948717948716 0.025630756908289948
 0.024229074889867842 0.02572347266881029 0.02987768197313014
 0.022663457681508223 0.025846523742736927 0.02965337607693849
 0.02420968387354942 0.025830997196635962 0.025867254862642873 0.0254
 0.01943498296934482 0.0282 0.028 0.0272 0.0218 0.0256
 0.015640665730900342 0.021826191429715657 0.02043678621518734
 0.013007804682809685 0.0004037956793862306 0.0004044489383215369
 0.020808323329331732 0.027833400080096115 0.0222 0.0232 0.0286
 0.027092113184828417 0.025872442839951864 0.024043277900220397
 0.023647294589178358 0.025646163093568423 0.026099176872114032 0.0396
 0.0208 0.02420968387354942 0.02561536922153292 0.024229074889867842
 0.024009603841536616 0.025630756908289948 0.01586026902228468
 0.021826191429715657 0.025815489293576147 0.0218 0.013070581138145989
 0.0020116676725005027 nan nan 0.0 0.012848825537040755 0.026
 0.02591922845087402 0.02683219863836604 0.02695634681150674
 0.025630756908289948 0.029712909054406746 0.02707581227436823
 0.02586206896551724 0.027210884353741496 0.022413448068841303 0.0284
 0.027070382995789052 0.027878058563979142 0.028 0.0226 0.0268 0.0272
 0.0256 0.03 0.021625951141369643 0.024214528717230337 0.01622596153846154
 0.027210884353741496 nan 0.002 0.002 0.0042202572347266884
 0.012414897877452943 0.026 0.0286 0.022645290581162325
 0.022458391818728694 0.02164762477450391 0.018028846153846152
 0.021826191429715657 0.0256 0.027 0.0302 0.0226 0.01784640064166834
 0.0256 0.02346099859635051 0.016666666666666666 0.024854680296652637
 0.023227873448137766 0.027 0.02521512907744647 0.0224
 0.018629807692307692 0.009235093354748043 0.0040024014408645186
 0.0004052684903748733 0.00984726688102894 0.0210252302763316
 0.024009603841536616 0.026 0.029034841810172206 0.02491961414790997
 0.025620496397117692 0.03221933159895938 0.0216998191681736
 0.02570797348865234 0.024043277900220397 0.017420905086103323
 0.00040160642570281126 0.0004037956793862306 nan 0.004407934281707073
 0.00040330711837063924 nan nan nan 0.0004028197381671702 0.0012
 0.00040241448692152917 0.00040048057669203043 0.00040192926045016077 nan
 nan 0.0014053402931138326 0.00040112314480545525 0.002207505518763797
 0.002003205128205128 0.0020149103364900263 0.0004028197381671702 0.0014
 nan nan 0.002816334741500704 0.0018068660911463562 0.008632804657699257
 0.0236 0.025830997196635962 0.020837507513524343 0.021878763548775593
 0.02565130260521042 0.03241296518607443 0.0208 0.0186
 0.016219463356027232 0.01600640256102441 0.014808885331198719
 0.0030205396697543293 nan 0.0004015257980325236 0.021473008227975116
 0.0006028938906752412 0.002223569840307257 0.003822937625754527
 0.01067902478339714 0.021962522667741284 0.02610441767068273 0.0288
 0.0274 0.020812487492495497 0.022101667671287923 0.020883534136546186
 0.0288 0.024009603841536616 0.027086677367576244 0.021430002002803924 nan
 0.015618742490989187 0.02262715258309972 0.026231477773327995
 0.02723267921505807 0.02566158781074579 0.018207282913165267 0.0256
 0.022609043617446978 0.0194 0.022609043617446978 0.013608164898939363
 0.008610332398878654 0.018083182640144666 0.01944277410302666
 0.022462896109105495 0.02724904828691645 0.025903614457831327
 0.020173492031470647 0.017939931465430357 0.02275015099657741
 0.021225470564677613 0.019631410256410256 0.018622346816179414
 0.02010454362685967 0.022476419827413205 0.02790604296326039 0.0284
 0.02971887550200803 0.034834834834834835 0.009244372990353697 nan
 0.002002002002002002 0.013651877133105802 0.021046301864101023
 0.022622622622622622 0.027216329797878726 0.0256 0.0194
 0.010422930446983364 0.0216 0.01180708425055033 0.014805922368947578
 0.006003602161296778 0.022649829625175387 0.025646163093568423
 0.02364255660188339 0.028761061946902654 0.021730382293762576
 0.01369311316955296 0.007464192051644139 0.00902346099859635
 0.009839357429718875 0.01802162595114137 0.013883299798792756
 0.00744466800804829 0.01967871485943775 0.0162 0.01790744466800805
 0.010830324909747292 nan nan 0.018061408789885613 0.025630756908289948
 0.020412247348409046 0.0206 0.0256 0.020412247348409046
 0.01600640256102441 0.0186 0.01380828497098259 0.015409245547328396
 0.024028834601521828 0.025 0.020428600040056078 0.025100401606425703
 0.02592964824120603 0.023713826366559485 0.012217103945523734
 0.009403761504601841 0.017006802721088437 0.017832097775996793
 0.014817781337605127 0.010865191146881288 0.008632804657699257
 0.00744466800804829 0.0178 0.0066 nan nan 0.0006027727546714888
 0.005811623246492986 0.02220888355342137 0.017810686411847108 0.0226
 0.01710261569416499 0.013489027582041473 0.0012104095218882388
 0.005231388329979879 0.022841114005209377 0.02561536922153292 0.0218
 0.021088572002410124 0.025100401606425703 0.028330319469559977
 0.013863773357444244 0.0162 0.010418753756762171 0.010462776659959759
 0.010884902237452126 0.012286002014098692 0.015458743224252159
 0.013866559485530547 0.0164 0.0014056224899598394 nan
 0.0014067524115755627 0.012204881952781112 0.01784997994384276
 0.021438589461029854 0.01864848606376579 0.016297786720321932
 0.010612735282338807 0.0030144694533762056 0.021412847708625175 0.0256
 0.022649829625175387 0.021708542713567838 0.02332127060715722
 0.022754732178815948 0.0122 0.0166 0.005840886203423968
 0.013513513513513514 0.012835940633774568 0.008450704225352112
 0.0056440233823825845 nan 0.0004044489383215369 0.009837382051796828
 0.017466372214414775 0.015443241075010028 0.010653266331658291 nan
 0.01600640256102441 0.027410964385754303 0.02523027633159792
 0.025981873111782478 0.022709003215434082 0.02136665994759121
 0.010412494993992792 0.0134 0.015437048917401764 0.0166
 0.0132291040288635 0.007042253521126761 0.0004048582995951417
 0.00040543279951348065 0.002002402883460152 0.00721876879887708
 0.004802881729037423 0.0014056224899598394 0.025415249149489692
 0.02148163019474001 0.022649829625175387 0.021905144694533762 0.027
 0.0204 0.026 0.02042450941129355 0.005838534326555265
 0.006010819475055099 0.00040330711837063924 nan nan 0.0034288019362646227
 0.01821092655593356 0.025825825825825825 0.0226 0.025382755842062853
 0.026961770623742453 0.015418502202643172 0.0174 0.0004051863857374392
 nan 0.0004039587962027873 0.0014118596208148447 nan nan nan
 0.00040192926045016077 nan 0.016619943932719265 nan nan
 0.00040404040404040404 0.003417085427135678 nan nan]","[[ 1.76714587  0.2959688 ]
 [ 1.86532064  0.2959688 ]
 [ 1.96349541  0.2959688 ]
 ...
 [ 4.53114325 -0.89458259]
 [ 4.27605667 -1.10738145]
 [ 1.68299606 -1.21165201]]"
vary_nes_nesfrac0.75_v2.0_10yrs,[nan nan nan ... 0.00020312817387771684 nan nan],"[[ 1.86532064  0.2959688 ]
 [ 1.96349541  0.2959688 ]
 [ 2.06167018  0.2959688 ]
 ...
 [ 1.72787596 -1.31494387]
 [ 0.19634954 -1.36631613]
 [ 1.37444679 -1.36631613]]"
long_gaps_np_nightsoff6_delayed1827_v2.0_10yrs,"[0.0022271714922048997 0.002631578947368421 0.002026342451874367 ...
 0.0022106109324758843 nan 0.0004065040650406504]","[[ 1.81623325  0.25268026]
 [ 1.91440802  0.25268026]
 [ 2.01258279  0.25268026]
 ...
 [ 1.72787596 -1.31494387]
 [ 0.19634954 -1.36631613]
 [ 1.37444679 -1.36631613]]"
presto_gap3.5_mix_v2.0_10yrs,"[0.0006092607636068237 0.0020316944331572532 0.0032388663967611335 ...
 0.00040617384240454913 nan 0.0004062563477554337]","[[ 1.81623325  0.25268026]
 [ 1.91440802  0.25268026]
 [ 2.01258279  0.25268026]
 ...
 [ 1.72787596 -1.31494387]
 [ 0.19634954 -1.36631613]
 [ 1.37444679 -1.36631613]]"
bluer_indx0_v2.0_10yrs,"[nan 0.004834810636583401 0.005245107928182368 ... 0.00040617384240454913
 0.0004045307443365696 nan]","[[ 2.25801972  0.2959688 ]
 [ 1.81623325  0.25268026]
 [ 1.91440802  0.25268026]
 ...
 [ 1.72787596 -1.31494387]
 [ 0.19634954 -1.36631613]
 [ 1.37444679 -1.36631613]]"
vary_nes_nesfrac0.01_v2.0_10yrs,"[nan nan 0.004008819402685909 ... 0.0022106109324758843
 0.0004052684903748733 0.00020312817387771684]","[[ 2.25801972  0.2959688 ]
 [ 4.3196899   0.2959688 ]
 [ 1.81623325  0.25268026]
 ...
 [ 1.72787596 -1.31494387]
 [ 0.19634954 -1.36631613]
 [ 1.37444679 -1.36631613]]"
vary_nes_nesfrac0.15_v2.0_10yrs,"[0.0018148820326678765 0.0026299817924337445 0.0022339561332250205 ...
 0.0036312285656647167 0.00020370747606437156 0.0004065040650406504]","[[ 1.81623325  0.25268026]
 [ 1.91440802  0.25268026]
 [ 2.01258279  0.25268026]
 ...
 [ 1.72787596 -1.31494387]
 [ 0.19634954 -1.36631613]
 [ 1.37444679 -1.36631613]]"
long_gaps_nightsoff2_delayed-1_v2.0_10yrs,"[0.001421608448415922 0.001417004048582996 0.003408863043914177 ...
 0.00040584415584415587 0.00040314452731304173 0.00040461258345134534]","[[ 1.81623325  0.25268026]
 [ 1.91440802  0.25268026]
 [ 2.01258279  0.25268026]
 ...
 [ 1.72787596 -1.31494387]
 [ 0.19634954 -1.36631613]
 [ 1.37444679 -1.36631613]]"
long_gaps_np_nightsoff5_delayed-1_v2.0_10yrs,"[0.0020300446609825416 0.001421608448415922 0.001218274111675127 ...
 0.004239854633555421 nan nan]","[[ 1.81623325  0.25268026]
 [ 1.91440802  0.25268026]
 [ 2.01258279  0.25268026]
 ...
 [ 1.72787596 -1.31494387]
 [ 0.19634954 -1.36631613]
 [ 1.37444679 -1.36631613]]"
long_u1_v2.0_10yrs,"[0.0012158054711246201 0.0022106109324758843 0.002016942315449778 ...
 0.00202020202020202 nan nan]","[[ 1.81623325  0.25268026]
 [ 1.91440802  0.25268026]
 [ 2.01258279  0.25268026]
 ...
 [ 1.72787596 -1.31494387]
 [ 0.19634954 -1.36631613]
 [ 1.37444679 -1.36631613]]"
long_gaps_nightsoff1_delayed1827_v2.0_10yrs,"[0.0022271714922048997 0.002631578947368421 0.002026342451874367 ...
 0.0022106109324758843 nan 0.0004065040650406504]","[[ 1.81623325  0.25268026]
 [ 1.91440802  0.25268026]
 [ 2.01258279  0.25268026]
 ...
 [ 1.72787596 -1.31494387]
 [ 0.19634954 -1.36631613]
 [ 1.37444679 -1.36631613]]"
bluer_indx1_v2.0_10yrs,"[0.0028169014084507044 0.0032232070910556 0.0014198782961460446 ...
 0.00040567951318458417 nan nan]","[[ 1.81623325  0.25268026]
 [ 1.91440802  0.25268026]
 [ 2.01258279  0.25268026]
 ...
 [ 1.72787596 -1.31494387]
 [ 0.19634954 -1.36631613]
 [ 1.37444679 -1.36631613]]"
vary_nes_nesfrac0.10_v2.0_10yrs,"[nan 0.004048582995951417 0.0028334345274235984 ... 0.0028095524784266506
 0.00020283975659229209 0.0004047763610605141]","[[ 4.51603944  0.2959688 ]
 [ 1.81623325  0.25268026]
 [ 1.91440802  0.25268026]
 ...
 [ 1.72787596 -1.31494387]
 [ 0.19634954 -1.36631613]
 [ 1.37444679 -1.36631613]]"
presto_gap3.0_mix_v2.0_10yrs,"[0.0004062563477554337 0.0006097560975609756 0.002025931928687196 ...
 0.0004037956793862306 nan nan]","[[ 1.81623325  0.25268026]
 [ 1.91440802  0.25268026]
 [ 2.01258279  0.25268026]
 ...
 [ 1.72787596 -1.31494387]
 [ 0.19634954 -1.36631613]
 [ 1.37444679 -1.36631613]]"
rolling_bulge_ns2_rw0.5_v2.0_10yrs,"[0.0022271714922048997 0.002631578947368421 0.002026342451874367 ...
 0.0022106109324758843 nan 0.0004065040650406504]","[[ 1.81623325  0.25268026]
 [ 1.91440802  0.25268026]
 [ 2.01258279  0.25268026]
 ...
 [ 1.72787596 -1.31494387]
 [ 0.19634954 -1.36631613]
 [ 1.37444679 -1.36631613]]"
long_gaps_np_nightsoff1_delayed-1_v2.0_10yrs,"[0.0012148208139299453 0.001218274111675127 0.001417004048582996 ...
 0.0020189783969311527 nan nan]","[[ 1.81623325  0.25268026]
 [ 1.91440802  0.25268026]
 [ 2.01258279  0.25268026]
 ...
 [ 1.72787596 -1.31494387]
 [ 0.19634954 -1.36631613]
 [ 1.37444679 -1.36631613]]"
long_gaps_nightsoff6_delayed-1_v2.0_10yrs,"[0.0020052135552436332 0.0032421479229989866 0.0016194331983805667 ...
 0.0006056935190793458 0.0004044489383215369 nan]","[[ 1.81623325  0.25268026]
 [ 1.91440802  0.25268026]
 [ 2.01258279  0.25268026]
 ...
 [ 1.72787596 -1.31494387]
 [ 0.19634954 -1.36631613]
 [ 1.37444679 -1.36631613]]"
presto_gap1.5_mix_v2.0_10yrs,"[0.0004062563477554337 0.0004045307443365696 0.0004083299305839118 ...
 0.001218274111675127 nan nan]","[[ 1.81623325  0.25268026]
 [ 1.91440802  0.25268026]
 [ 2.01258279  0.25268026]
 ...
 [ 1.72787596 -1.31494387]
 [ 0.19634954 -1.36631613]
 [ 1.37444679 -1.36631613]]"
presto_gap4.0_mix_v2.0_10yrs,"[0.0014207428455449563 0.0004100881689563256 0.0014221861032100772 ...
 0.0016161616161616162 nan 0.0004051863857374392]","[[ 1.81623325  0.25268026]
 [ 1.91440802  0.25268026]
 [ 2.01258279  0.25268026]
 ...
 [ 1.72787596 -1.31494387]
 [ 0.19634954 -1.36631613]
 [ 1.37444679 -1.36631613]]"
long_gaps_nightsoff2_delayed1827_v2.0_10yrs,"[0.0022271714922048997 0.002631578947368421 0.002026342451874367 ...
 0.0022106109324758843 nan 0.0004065040650406504]","[[ 1.81623325  0.25268026]
 [ 1.91440802  0.25268026]
 [ 2.01258279  0.25268026]
 ...
 [ 1.72787596 -1.31494387]
 [ 0.19634954 -1.36631613]
 [ 1.37444679 -1.36631613]]"
presto_gap1.5_v2.0_10yrs,"[0.0012195121951219512 0.0004073319755600815 0.0004065040650406504 ...
 0.00040510431436094796 nan nan]","[[ 1.81623325  0.25268026]
 [ 1.91440802  0.25268026]
 [ 2.01258279  0.25268026]
 ...
 [ 1.72787596 -1.31494387]
 [ 0.19634954 -1.36631613]
 [ 1.37444679 -1.36631613]]"
long_gaps_nightsoff7_delayed1827_v2.0_10yrs,"[nan 0.0022271714922048997 0.002631578947368421 ... 0.0022106109324758843
 nan 0.0004065040650406504]","[[ 2.25801972  0.2959688 ]
 [ 1.81623325  0.25268026]
 [ 1.91440802  0.25268026]
 ...
 [ 1.72787596 -1.31494387]
 [ 0.19634954 -1.36631613]
 [ 1.37444679 -1.36631613]]"
vary_gp_gpfrac0.50_v2.0_10yrs,"[0.002028809089064719 0.0020100502512562816 0.002212834439750553 ...
 0.001407035175879397 nan nan]","[[ 1.81623325  0.25268026]
 [ 1.91440802  0.25268026]
 [ 2.01258279  0.25268026]
 ...
 [ 1.72787596 -1.31494387]
 [ 0.19634954 -1.36631613]
 [ 1.37444679 -1.36631613]]"
presto_half_gap1.5_v2.0_10yrs,"[0.0018251875887243967 0.0014181523500810373 0.0016246953696181965 ...
 0.0006061830672863204 0.00020312817387771684 0.00040160642570281126]","[[ 1.81623325  0.25268026]
 [ 1.91440802  0.25268026]
 [ 2.01258279  0.25268026]
 ...
 [ 1.72787596 -1.31494387]
 [ 0.19634954 -1.36631613]
 [ 1.37444679 -1.36631613]]"
vary_gp_gpfrac0.25_v2.0_10yrs,"[nan 0.0020218358269308533 0.0016168148746968471 ... 0.0012106537530266344
 nan 0.00040592652729855896]","[[ 2.25801972  0.2959688 ]
 [ 1.81623325  0.25268026]
 [ 1.91440802  0.25268026]
 ...
 [ 1.72787596 -1.31494387]
 [ 0.19634954 -1.36631613]
 [ 1.37444679 -1.36631613]]"
presto_half_gap2.5_mix_v2.0_10yrs,"[0.002612540192926045 0.0028237192416296895 0.0020242914979757085 ...
 0.0006055712555510698 0.0004047763610605141 nan]","[[ 1.81623325  0.25268026]
 [ 1.91440802  0.25268026]
 [ 2.01258279  0.25268026]
 ...
 [ 1.72787596 -1.31494387]
 [ 0.19634954 -1.36631613]
 [ 1.37444679 -1.36631613]]"
vary_gp_gpfrac0.55_v2.0_10yrs,"[0.0020096463022508037 0.00040766408479412964 0.0004062563477554337 ...
 0.0014053402931138326 0.00040551500405515005 nan]","[[ 1.81623325  0.25268026]
 [ 1.91440802  0.25268026]
 [ 2.01258279  0.25268026]
 ...
 [ 1.72787596 -1.31494387]
 [ 0.19634954 -1.36631613]
 [ 1.37444679 -1.36631613]]"
vary_gp_gpfrac0.20_v2.0_10yrs,"[nan 0.0016177957532861476 0.000606918875177018 ... 0.005819787276740919
 nan 0.00040858018386108274]","[[ 2.55254403  0.2959688 ]
 [ 1.81623325  0.25268026]
 [ 1.91440802  0.25268026]
 ...
 [ 1.72787596 -1.31494387]
 [ 0.19634954 -1.36631613]
 [ 1.37444679 -1.36631613]]"
long_gaps_nightsoff4_delayed1827_v2.0_10yrs,"[0.0022271714922048997 0.002631578947368421 0.002026342451874367 ...
 0.0022106109324758843 nan 0.0004065040650406504]","[[ 1.81623325  0.25268026]
 [ 1.91440802  0.25268026]
 [ 2.01258279  0.25268026]
 ...
 [ 1.72787596 -1.31494387]
 [ 0.19634954 -1.36631613]
 [ 1.37444679 -1.36631613]]"
rolling_ns3_rw0.5_v2.0_10yrs,"[0.0022271714922048997 0.002631578947368421 0.002026342451874367 ...
 0.0022106109324758843 nan 0.0004065040650406504]","[[ 1.81623325  0.25268026]
 [ 1.91440802  0.25268026]
 [ 2.01258279  0.25268026]
 ...
 [ 1.72787596 -1.31494387]
 [ 0.19634954 -1.36631613]
 [ 1.37444679 -1.36631613]]"
rolling_ns2_rw0.9_v2.0_10yrs,"[0.0022271714922048997 0.002631578947368421 0.002026342451874367 ...
 0.0022106109324758843 nan 0.0004065040650406504]","[[ 1.81623325  0.25268026]
 [ 1.91440802  0.25268026]
 [ 2.01258279  0.25268026]
 ...
 [ 1.72787596 -1.31494387]
 [ 0.19634954 -1.36631613]
 [ 1.37444679 -1.36631613]]"
vary_nes_nesfrac0.45_v2.0_10yrs,"[0.003408863043914177 0.0022079486150140505 0.0016207455429497568 ...
 0.0022222222222222222 nan nan]","[[ 1.81623325  0.25268026]
 [ 1.91440802  0.25268026]
 [ 2.01258279  0.25268026]
 ...
 [ 1.72787596 -1.31494387]
 [ 0.19634954 -1.36631613]
 [ 1.37444679 -1.36631613]]"
ddf_frac_ddf_per0.6_v2.0_10yrs,[nan nan 0.002028397565922921 ... 0.0004048582995951417 nan nan],"[[ 2.25801972  0.2959688 ]
 [ 2.55254403  0.2959688 ]
 [ 1.81623325  0.25268026]
 ...
 [ 1.72787596 -1.31494387]
 [ 0.19634954 -1.36631613]
 [ 1.37444679 -1.36631613]]"
presto_gap2.5_mix_v2.0_10yrs,"[0.0006093845216331506 0.001218769043266301 0.00040666937779585197 ...
 0.00040241448692152917 0.00020296326364927948 nan]","[[ 1.81623325  0.25268026]
 [ 1.91440802  0.25268026]
 [ 2.01258279  0.25268026]
 ...
 [ 1.72787596 -1.31494387]
 [ 0.19634954 -1.36631613]
 [ 1.37444679 -1.36631613]]"
vary_nes_nesfrac0.30_v2.0_10yrs,"[0.0022271714922048997 0.002631578947368421 0.002026342451874367 ...
 0.0022106109324758843 nan 0.0004065040650406504]","[[ 1.81623325  0.25268026]
 [ 1.91440802  0.25268026]
 [ 2.01258279  0.25268026]
 ...
 [ 1.72787596 -1.31494387]
 [ 0.19634954 -1.36631613]
 [ 1.37444679 -1.36631613]]"
presto_gap2.0_v2.0_10yrs,"[0.0004084967320261438 0.001219016659894352 0.0006100040666937779 ...
 0.00040617384240454913 nan 0.00040330711837063924]","[[ 1.81623325  0.25268026]
 [ 1.91440802  0.25268026]
 [ 2.01258279  0.25268026]
 ...
 [ 1.72787596 -1.31494387]
 [ 0.19634954 -1.36631613]
 [ 1.37444679 -1.36631613]]"
presto_half_gap2.0_v2.0_10yrs,"[0.0028328611898017 0.002025931928687196 0.0026401299756295695 ...
 0.00040584415584415587 nan 0.0]","[[ 1.81623325  0.25268026]
 [ 1.91440802  0.25268026]
 [ 2.01258279  0.25268026]
 ...
 [ 1.72787596 -1.31494387]
 [ 0.19634954 -1.36631613]
 [ 1.37444679 -1.36631613]]"
long_gaps_np_nightsoff2_delayed1827_v2.0_10yrs,"[0.0022271714922048997 0.002631578947368421 0.002026342451874367 ...
 0.0022106109324758843 nan 0.0004065040650406504]","[[ 1.81623325  0.25268026]
 [ 1.91440802  0.25268026]
 [ 2.01258279  0.25268026]
 ...
 [ 1.72787596 -1.31494387]
 [ 0.19634954 -1.36631613]
 [ 1.37444679 -1.36631613]]"
presto_half_gap2.5_v2.0_10yrs,"[0.004020100502512563 0.0006079027355623101 0.002021427127552052 ...
 0.0030036043251902285 nan 0.00040404040404040404]","[[ 1.81623325  0.25268026]
 [ 1.91440802  0.25268026]
 [ 2.01258279  0.25268026]
 ...
 [ 1.72787596 -1.31494387]
 [ 0.19634954 -1.36631613]
 [ 1.37444679 -1.36631613]]"
vary_nes_nesfrac0.40_v2.0_10yrs,"[0.002604688439190543 0.0006093845216331506 0.005627009646302251 ...
 0.0030138637733574444 nan nan]","[[ 1.81623325  0.25268026]
 [ 1.91440802  0.25268026]
 [ 2.01258279  0.25268026]
 ...
 [ 1.72787596 -1.31494387]
 [ 0.19634954 -1.36631613]
 [ 1.37444679 -1.36631613]]"
vary_nes_nesfrac0.35_v2.0_10yrs,"[0.0012170385395537525 0.0006088897909478384 0.0030284675953967293 ...
 0.0028231498285944748 0.0004062563477554337 nan]","[[ 1.81623325  0.25268026]
 [ 1.91440802  0.25268026]
 [ 2.01258279  0.25268026]
 ...
 [ 1.72787596 -1.31494387]
 [ 0.19634954 -1.36631613]
 [ 1.37444679 -1.36631613]]"
presto_gap2.5_v2.0_10yrs,"[0.000605938194304181 0.0018152480839048004 0.001215066828675577 ...
 0.00040666937779585197 nan 0.0004037956793862306]","[[ 1.81623325  0.25268026]
 [ 1.91440802  0.25268026]
 [ 2.01258279  0.25268026]
 ...
 [ 1.72787596 -1.31494387]
 [ 0.19634954 -1.36631613]
 [ 1.37444679 -1.36631613]]"
rolling_bulge_ns2_rw0.8_v2.0_10yrs,"[0.0022271714922048997 0.002631578947368421 0.002026342451874367 ...
 0.0020096463022508037 nan 0.0004065040650406504]","[[ 1.81623325  0.25268026]
 [ 1.91440802  0.25268026]
 [ 2.01258279  0.25268026]
 ...
 [ 1.72787596 -1.31494387]
 [ 0.19634954 -1.36631613]
 [ 1.37444679 -1.36631613]]"
baseline_v2.0_10yrs,"[0.0022271714922048997 0.002631578947368421 0.002026342451874367 ...
 0.0022106109324758843 nan 0.0004065040650406504]","[[ 1.81623325  0.25268026]
 [ 1.91440802  0.25268026]
 [ 2.01258279  0.25268026]
 ...
 [ 1.72787596 -1.31494387]
 [ 0.19634954 -1.36631613]
 [ 1.37444679 -1.36631613]]"
six_rolling_ns6_rw0.5_v2.0_10yrs,"[0.003009630818619583 0.0014158576051779936 0.0028403327246906067 ...
 0.0014107214832728737 nan nan]","[[ 1.81623325  0.25268026]
 [ 1.91440802  0.25268026]
 [ 2.01258279  0.25268026]
 ...
 [ 1.72787596 -1.31494387]
 [ 0.19634954 -1.36631613]
 [ 1.37444679 -1.36631613]]"
long_gaps_np_nightsoff1_delayed1827_v2.0_10yrs,"[nan 0.0022271714922048997 0.002631578947368421 ... 0.0022106109324758843
 nan 0.0004065040650406504]","[[ 2.25801972  0.2959688 ]
 [ 1.81623325  0.25268026]
 [ 1.91440802  0.25268026]
 ...
 [ 1.72787596 -1.31494387]
 [ 0.19634954 -1.36631613]
 [ 1.37444679 -1.36631613]]"
vary_gp_gpfrac0.75_v2.0_10yrs,"[0.0004048582995951417 0.0006074104069649726 0.003417085427135678 ...
 0.001419590346785642 0.0004050222762251924 nan]","[[ 1.81623325  0.25268026]
 [ 1.91440802  0.25268026]
 [ 2.01258279  0.25268026]
 ...
 [ 1.72787596 -1.31494387]
 [ 0.19634954 -1.36631613]
 [ 1.37444679 -1.36631613]]"
long_gaps_np_nightsoff4_delayed1827_v2.0_10yrs,"[0.0022271714922048997 0.002631578947368421 0.002026342451874367 ...
 0.0022106109324758843 nan 0.0004065040650406504]","[[ 1.81623325  0.25268026]
 [ 1.91440802  0.25268026]
 [ 2.01258279  0.25268026]
 ...
 [ 1.72787596 -1.31494387]
 [ 0.19634954 -1.36631613]
 [ 1.37444679 -1.36631613]]"
vary_expt_v2.0_10yrs,"[0.002025931928687196 0.0014155712841253793 0.0026262626262626263 ...
 0.0004027386226339106 nan nan]","[[ 1.81623325  0.25268026]
 [ 1.91440802  0.25268026]
 [ 2.01258279  0.25268026]
 ...
 [ 1.72787596 -1.31494387]
 [ 0.19634954 -1.36631613]
 [ 1.37444679 -1.36631613]]"
presto_half_gap3.0_v2.0_10yrs,"[0.006630500301386378 0.0022114997989545635 0.0014161440420797087 ...
 0.0020052135552436332 0.0002032520325203252 0.00020242914979757084]","[[ 1.81623325  0.25268026]
 [ 1.91440802  0.25268026]
 [ 2.01258279  0.25268026]
 ...
 [ 1.72787596 -1.31494387]
 [ 0.19634954 -1.36631613]
 [ 1.37444679 -1.36631613]]"
long_gaps_nightsoff1_delayed-1_v2.0_10yrs,"[0.002007628990162618 0.0020052135552436332 0.0006077795786061589 ...
 0.0020157226365652087 nan nan]","[[ 1.81623325  0.25268026]
 [ 1.91440802  0.25268026]
 [ 2.01258279  0.25268026]
 ...
 [ 1.72787596 -1.31494387]
 [ 0.19634954 -1.36631613]
 [ 1.37444679 -1.36631613]]"
long_gaps_np_nightsoff6_delayed-1_v2.0_10yrs,"[0.0020157226365652087 0.0014129995962858296 0.0012143290831815423 ...
 0.004607371794871795 nan nan]","[[ 1.81623325  0.25268026]
 [ 1.91440802  0.25268026]
 [ 2.01258279  0.25268026]
 ...
 [ 1.72787596 -1.31494387]
 [ 0.19634954 -1.36631613]
 [ 1.37444679 -1.36631613]]"
ddf_frac_ddf_per1.6_v2.0_10yrs,"[0.001213101496158512 0.002224469160768453 0.002226269985832827 ...
 0.00040404040404040404 0.0 nan]","[[ 1.81623325  0.25268026]
 [ 1.91440802  0.25268026]
 [ 2.01258279  0.25268026]
 ...
 [ 1.72787596 -1.31494387]
 [ 0.19634954 -1.36631613]
 [ 1.37444679 -1.36631613]]"
presto_gap3.0_v2.0_10yrs,"[0.001419302514193025 0.0012212497455729697 0.00040774719673802244 ...
 0.0006064281382656155 nan 0.0004039587962027873]","[[ 1.81623325  0.25268026]
 [ 1.91440802  0.25268026]
 [ 2.01258279  0.25268026]
 ...
 [ 1.72787596 -1.31494387]
 [ 0.19634954 -1.36631613]
 [ 1.37444679 -1.36631613]]"
vary_gp_gpfrac1.00_v2.0_10yrs,"[nan nan 0.006063055780113177 0.00040592652729855896 nan nan nan nan nan
 nan nan 0.00040617384240454913 0.0004060913705583756
 0.00040592652729855896 nan nan nan nan 0.0026257321753181176 nan nan
 0.00041160732661041366 0.0006085192697768763 0.0004052684903748733
 0.00020333468889792598 0.009244372990353697 nan 0.01004823151125402 nan
 nan nan nan nan 0.0004048582995951417 nan 0.0004079135223332653 0.0
 0.0004063388866314506 nan 0.00040617384240454913 0.010458567980691875 nan
 nan 0.0004109307581672488 nan 0.008472866653217672 0.0004084133142740453
 0.0014149989892864362 nan 0.0004039587962027873 0.0004033884630899556 nan
 0.009235093354748043 nan nan nan nan 0.00020529665366454526
 0.0006071645415907711 0.0004037956793862306 0.006041079339508659
 0.0026067776218167233 nan nan 0.019643215073160955 nan nan nan nan nan
 0.0 0.0004048582995951417 0.0056634304207119745 0.00040346984062941297
 nan 0.005606728073688426 nan nan 0.00040584415584415587
 0.018708509354254676 nan nan nan nan nan 0.002012477359629704
 0.0004069175991861648 nan 0.01448692152917505 nan 0.0026156941649899397
 nan 0.012407444466680007 0.004828002414001207 nan nan 0.0
 0.0004062563477554337 0.009010812975570685 0.00020412329046744235
 0.0014016820184221065 0.006631832797427652 0.005438066465256798
 0.007233273056057866 nan nan 0.0178 0.02180872348939576
 0.004431909750201451 nan nan nan 0.0004045307443365696
 0.009242515571629495 nan 0.0004039587962027873 nan nan nan 0.0058 nan
 0.0066 nan 0.00040290088638195 nan 0.00040241448692152917 nan
 0.0004037956793862306 0.02027705280064244 0.0004044489383215369 nan nan
 0.02043678621518734 nan 0.0042 0.025830997196635962 nan nan nan nan nan
 nan 0.014457831325301205 0.012221999599278702 nan 0.0028135048231511255
 0.002014098690835851 0.0056213611724553305 nan nan 0.0212 0.0178 0.006
 nan 0.0004042854255104103 0.0004037956793862306 nan
 0.00040461258345134534 0.004027386226339106 nan 0.0014047762392133253
 0.0012007204322593557 nan nan nan 0.0010026067776218166 nan nan nan nan
 nan 0.0002030456852791878 0.002007628990162618 0.014928384103288278 nan
 nan 0.012409927942353884 nan nan 0.021 nan nan nan nan
 0.006677458518818292 0.0004048582995951417 0.0012167917258162643
 0.017824954936911677 0.00040192926045016077 0.001802162595114137 0.0346
 0.0182 0.0182 nan nan nan 0.00040749796251018743 nan nan nan 0.0074 nan
 0.0004044489383215369 0.0004020908725371934 nan nan 0.026
 0.01985161419691197 nan nan nan 0.017821385662795355 nan nan nan
 0.00040584415584415587 0.013830426939266387 0.0036 nan nan nan nan nan
 nan 0.019431089743589744 0.0162 nan 0.006016847172081829
 0.0014050582095543958 nan nan 0.0012113870381586917 0.0004047763610605141
 0.0030211480362537764 nan nan 0.009227683049147442 nan nan
 0.00040192926045016077 nan nan nan nan 0.01381657989587505 0.0034
 0.019855595667870037 0.022609043617446978 nan nan 0.0004020100502512563
 nan nan nan nan 0.0004010427110487267 nan 0.0006047167909695626
 0.002013693113169553 nan 0.0008074283407347598 nan nan
 0.00020283975659229209 nan nan nan 0.01381657989587505
 0.017406962785114045 0.0256 0.0016028851933480265 0.0004007212983370066
 nan nan nan 0.0004060913705583756 nan nan 0.017885852090032156 nan
 0.00040048057669203043 nan 0.0012 0.0012072434607645875 nan nan
 0.00040024014408645187 0.01547427652733119 0.002012072434607646
 0.0012014417300760913 0.00020230629172567267 0.0186 nan
 0.003225156218504334 nan 0.0004039587962027873 0.0006037432078889113 nan
 nan 0.002 nan nan 0.022426912294753704 0.028411364545818326 nan
 0.024033647105948328 0.0214 0.007227464364585425 0.0012072434607645875
 nan nan 0.002834008097165992 nan 0.00040314452731304173 nan
 0.0012045773940975708 nan nan nan 0.004601840736294518
 0.024429315178213857 0.01021839310759367 0.026010404161664665 0.0162
 0.006007208650380457 0.0272 0.0136 nan 0.00040404040404040404
 0.0014115749142972374 nan nan nan nan 0.001402524544179523 nan
 0.00040048057669203043 0.0186 0.016 0.022026431718061675
 0.002008032128514056 0.014826688038469244 0.00040314452731304173 nan
 0.0122 0.00020312817387771684 0.00040346984062941297
 0.0004037956793862306 nan nan nan 0.035 nan 0.00040241448692152917
 0.0006022886970487854 0.00040241448692152917 0.010404161664665866 nan
 0.0224 nan nan 0.0012062726176115801 0.008617234468937876 nan
 0.0044212218649517685 0.01063616295404375 nan 0.0026 0.028
 0.017448856799037304 nan nan 0.020608243297318928 0.0204 nan nan nan nan
 0.00040192926045016077 0.007 0.02180872348939576 0.002215508559919436
 0.02690222846817908 nan nan nan 0.0004052684903748733 nan nan 0.0068
 0.022035256410256412 0.01280768461076646 0.0004 nan 0.0004048582995951417
 0.0194 0.0122 nan nan 0.0022039671408535366 nan 0.00040112314480545525
 0.01784640064166834 0.02007628990162618 0.00040290088638195
 0.0006066734074823053 0.004239854633555421 0.022458391818728694
 0.022631684358101343 nan 0.0016181229773462784 nan nan nan nan 0.0102
 0.0048 0.0030036043251902285 0.0196078431372549 0.00040314452731304173
 nan 0.0124 0.020224269122947537 0.027 0.0030102347983142685
 0.00040192926045016077 0.0020008003201280513 0.006003602161296778
 0.0014042126379137413 0.015406162464985995 0.0234 nan
 0.025610244097639057 0.014428857715430862 0.02108010439670749
 0.02148163019474001 0.004608294930875576 nan 0.00040064102564102563 nan
 nan nan 0.0018 0.008 0.021408563425370147 0.021408563425370147 0.0134
 0.0004020908725371934 nan 0.0004015257980325236 0.0226 0.026 0.021
 0.002604688439190543 nan 0.0004037141703673799 0.026 0.024214528717230337
 0.0254 0.010441767068273093 0.006834170854271356 0.006625175667536639
 0.025070196550340956 0.025872442839951864 nan nan nan nan nan nan nan
 0.00040120361083249747 nan 0.010404161664665866 0.00040241448692152917
 0.008639742816958007 nan nan 0.00900360144057623 0.0012089462018940156
 0.0224 0.015218261914297157 0.0228 0.01640984590754453
 0.021608643457382955 0.021625951141369643 0.0014053402931138326
 0.0036217303822937627 0.001413284877851807 0.01021839310759367 nan
 0.026278836509528586 0.011845011041959445 0.00040112314480545525 nan nan
 0.00040290088638195 0.0004033884630899556 nan nan 0.02045728038507822
 0.0020149103364900263 0.003617363344051447 0.0014073180538801769
 0.010230692076228686 0.0014 0.021625951141369643 nan nan
 0.006007208650380457 nan 0.019474001204577394 0.0004057618178129438
 0.0004039587962027873 0.0004013646397752358 0.015634395670475046 nan nan
 nan nan nan nan nan nan 0.016206482593037214 0.006625175667536639
 0.0004014452027298274 0.0022092789716810605 nan nan 0.0034129692832764505
 0.00460552663195835 0.005830317651789305 0.00300782033286545
 0.022476419827413205 nan 0.01587620578778135 0.018708509354254676 nan nan
 nan nan nan nan 0.002607300441235459 0.009016229212582648
 0.0178678980124473 0.010439670748845614 0.012861736334405145 nan
 0.0004007212983370066 0.00040112314480545525 0.00220839188917888 nan
 0.010261569416498993 nan 0.0032122063842601888 0.0014104372355430183
 0.0004050222762251924 0.0014016820184221065 nan nan nan nan nan nan
 0.0022026431718061676 0.0006045949214026602 nan 0.00040314452731304173
 0.0004018485031143259 0.0006022886970487854 0.006022886970487854
 0.006631832797427652 0.018265756724207147 nan 0.006024096385542169
 0.02690222846817908 0.0026188557614826753 0.007443170388251861
 0.010222489476849068 0.0010074551682450132 0.00040543279951348065 nan 0.0
 0.001419302514193025 0.00040543279951348065 0.0004052684903748733 nan
 0.00040112314480545525 nan 0.004030632809351068 0.005822124071471592
 0.009456740442655936 0.003421211511370497 0.0012133468149646107
 0.012660771704180064 0.0012045773940975708 0.006052047609441194
 0.003026023804720597 0.010261569416498993 0.006626506024096385
 0.0014207428455449563 nan nan nan nan 0.0010111223458038423
 0.003635629165825086 0.013651877133105802 0.021887550200803213
 0.0006085192697768763 0.016297786720321932 0.007458173755291272
 0.010261569416498993 0.013959134129071415 0.0004039587962027873 nan nan
 nan 0.00020283975659229209 0.00931174089068826 0.00040412204485754696
 0.0004052684903748733 0.008894279361229027 nan 0.00020458265139116204
 0.012358184764991896 0.002024701356549909 0.0004047763610605141
 0.002834008097165992 0.0032401782098015392 0.0004051863857374392
 0.00040543279951348065 0.0006077795786061589 0.001419590346785642
 0.0002032520325203252 0.005670311867152693 0.00020470829068577277 0.0
 0.005889520714865963 nan]","[[ 1.42353417  0.25268026]
 [ 1.52170894  0.25268026]
 [ 1.71805848  0.25268026]
 ...
 [ 2.74889357 -1.4686899 ]
 [ 3.53429174 -1.4686899 ]
 [ 4.3196899  -1.4686899 ]]"
presto_half_gap4.0_mix_v2.0_10yrs,"[0.0004069175991861648 0.0020197939810139365 0.002028397565922921 ...
 0.00040461258345134534 nan 0.0002030456852791878]","[[ 1.81623325  0.25268026]
 [ 1.91440802  0.25268026]
 [ 2.01258279  0.25268026]
 ...
 [ 1.72787596 -1.31494387]
 [ 0.19634954 -1.36631613]
 [ 1.37444679 -1.36631613]]"
presto_half_gap1.5_mix_v2.0_10yrs,"[0.001213101496158512 0.005054589567327133 0.0036341611144760752 ...
 0.0004043671653861706 0.0002032520325203252 0.00040592652729855896]","[[ 1.81623325  0.25268026]
 [ 1.91440802  0.25268026]
 [ 2.01258279  0.25268026]
 ...
 [ 1.72787596 -1.31494387]
 [ 0.19634954 -1.36631613]
 [ 1.37444679 -1.36631613]]"
long_gaps_np_nightsoff2_delayed-1_v2.0_10yrs,"[0.00303275374039628 0.002225369208982399 0.003026023804720597 ...
 0.004020908725371934 nan nan]","[[ 1.81623325  0.25268026]
 [ 1.91440802  0.25268026]
 [ 2.01258279  0.25268026]
 ...
 [ 1.72787596 -1.31494387]
 [ 0.19634954 -1.36631613]
 [ 1.37444679 -1.36631613]]"
vary_gp_gpfrac0.05_v2.0_10yrs,"[nan 0.004610142313088796 0.002814070351758794 ... 0.0006060606060606061
 0.00020358306188925082 0.00040716612377850165]","[[ 2.25801972  0.2959688 ]
 [ 1.81623325  0.25268026]
 [ 1.91440802  0.25268026]
 ...
 [ 1.72787596 -1.31494387]
 [ 0.19634954 -1.36631613]
 [ 1.37444679 -1.36631613]]"
long_gaps_nightsoff5_delayed-1_v2.0_10yrs,"[0.0004065040650406504 0.003033367037411527 0.002627324171382377 ...
 0.004405286343612335 nan 0.00020333468889792598]","[[ 1.81623325  0.25268026]
 [ 1.91440802  0.25268026]
 [ 2.01258279  0.25268026]
 ...
 [ 1.72787596 -1.31494387]
 [ 0.19634954 -1.36631613]
 [ 1.37444679 -1.36631613]]"
long_gaps_np_nightsoff7_delayed1827_v2.0_10yrs,"[0.0022271714922048997 0.002631578947368421 0.002026342451874367 ...
 0.0022106109324758843 nan 0.0004065040650406504]","[[ 1.81623325  0.25268026]
 [ 1.91440802  0.25268026]
 [ 2.01258279  0.25268026]
 ...
 [ 1.72787596 -1.31494387]
 [ 0.19634954 -1.36631613]
 [ 1.37444679 -1.36631613]]"
presto_gap3.5_v2.0_10yrs,"[0.0014030867909400682 0.0004048582995951417 0.0018218623481781376 ...
 0.0004048582995951417 nan 0.00040551500405515005]","[[ 1.81623325  0.25268026]
 [ 1.91440802  0.25268026]
 [ 2.01258279  0.25268026]
 ...
 [ 1.72787596 -1.31494387]
 [ 0.19634954 -1.36631613]
 [ 1.37444679 -1.36631613]]"
presto_half_gap3.5_v2.0_10yrs,"[0.002007226013649137 0.003216726980297547 0.002025931928687196 ...
 0.0004045307443365696 nan 0.0002032520325203252]","[[ 1.81623325  0.25268026]
 [ 1.91440802  0.25268026]
 [ 2.01258279  0.25268026]
 ...
 [ 1.72787596 -1.31494387]
 [ 0.19634954 -1.36631613]
 [ 1.37444679 -1.36631613]]"
presto_half_gap3.0_mix_v2.0_10yrs,"[0.00040543279951348065 0.0020296326364927946 0.003246753246753247 ...
 0.0004065040650406504 nan nan]","[[ 1.81623325  0.25268026]
 [ 1.91440802  0.25268026]
 [ 2.01258279  0.25268026]
 ...
 [ 1.72787596 -1.31494387]
 [ 0.19634954 -1.36631613]
 [ 1.37444679 -1.36631613]]"
